id,jenis_review
263aqhh4ymyaubmb,0
36frqq1ne0ljsgtj,0
4dbq2twnu8nd9ztm,0
hbsb134diyefkd3i,0
o068bc8hfiisuwon,0
a0w753zd1hruwz9h,0
oi2sutcm4p3u2ayw,0
n4it9slvsn7w369l,0
fc87m77sp5fikusq,0
59d6nxmh8jaj0luo,0
4ksyrc5rf3j613jo,0
3le8hslehk1d6tm9,0
8xdd8v4hgpiyjsd3,0
2bemwu7fd05ew0ht,0
fkxmqkeg6sldy2yy,0
32kl0sji2h6p5d4i,0
k10hcncivdtaub63,0
k66j68yadfrefe2c,0
v8hccgk64tjnzcj9,0
2475pt5keqop4sln,0
91jua45clqwree0b,0
p946oip7ozkd8194,0
8mntg5olv05dq7eq,0
71x3kw0a2o718s5d,0
gw5upyj2qufw6653,0
booqv0a05r3ml41n,0
h2jfakdld2bgs8tx,0
hx349kf5z5rgou9v,0
lji2sg0bilabkec9,0
lkiwss0r8srpiobd,0
hg8aqbaci8zu1dt3,1
7qv2hwe6qg7aybq6,0
jqy51ot19va294o3,0
lw30v2yvq23puplf,1
h2npyymohkm8bvol,0
nmbuyazhkke0uk09,0
rql5scsmmx87k324,0
esniwyv5vtrgl139,0
s661079l86u75enq,0
275wgfwrkutd0jmm,0
7ugttuts1qa3ed21,0
re367me5mzvgv3ch,0
ynpfdghr4gza3uwe,0
crh5c54sad2dcmp1,0
jm5gprxnal8y8tc7,1
zjakvyk1tlx7d9v9,0
3r2q872onrgdh1l4,0
kyvzkmjna66jz09o,0
uh2zte89k4qpeujr,0
6k0qtkdyn6sv4q0v,0
6fkn3p6ahrzpjltj,0
4x02r6y5gyhisujo,0
wuqyak99bk425iev,0
t4ly1qknbfzo8jjq,1
fy8s6o3qmfn0fdfj,0
358o7g75r5i0vfqi,0
yux6nppizb96ocv6,0
43c9d260l06xtfgo,0
4ju3zu82tskb2cej,0
zobq5xb9nd3irhze,0
nxivxioajc6n8oa7,0
noi2wy4t5ppac16n,0
texvnb5miw0bumbd,0
wokwv6eoods7bz0s,0
o16pnp2jwvcra96f,0
kg0ms58gd6atjpwj,0
ege0hnqekhslutq0,0
9uoo1l0ous385doj,0
cuagpaze51giq5aa,1
ze0cvjdmj64f5wxv,0
1up5mp7z0861n4w9,0
khwe9px94j4zdxtp,0
k3zzkjeowwssc623,0
gb0tviepbsa52ybf,0
wu76fawmjmovulf5,1
xktayh4qoptos4hn,0
i8uekub7mip1kwxc,1
ssiugr8vgf2n297o,0
gnaww6zcd5pypuov,0
7h5dqav5qvkux9cq,0
q0w6pem0c25gebgv,1
jnsz772ncjfajgft,0
3drufsfceawkif9f,0
fhwypw80w2fgwu53,0
shk81zbgsyo2gvy7,0
qau37sf6yxh7d8mr,0
zus1r7hgham32o2p,0
3n5cfz78t7bbzkne,0
001wwpetnonzqz3a,0
yxrh4570xfklkm7t,0
wvwg3eaing9zmgus,0
qerec2mirhngawg6,0
s31eryj1h58720ym,0
v57lvhaib3kt875w,0
ik8bvf6gtefiu6j7,0
0bex4aup3yapgfto,0
3icit93zozrd42hw,0
3163qkqrq80vbjmb,0
ja0nh2043ecjtaxv,0
dlrebvh11sp0hr3v,0
rhi0tkv936mcys37,0
8xs8ur37lb9w7qqu,0
hmznq6f7pytt5o0c,0
os3o6d9hhvv4z2wi,0
7vhm39yy7o5cdfln,0
okr6qp1fxk6mb2sg,0
mx0g6x08rmte5pfv,0
28quonvbkaqjm20w,0
5lwrumdhty0ghey3,0
g31axkorhuywkzni,0
7atg2sgeo7xk06nt,0
g3eeuwn4y0c2y29a,1
cnjx6znvlkxzk6mu,0
hnq0v2ffclfsna39,0
katsxy0pg9vb3kqw,0
s1l682lzdi1ba23w,0
1oay3grifhm8fv29,0
jnqanbmnu459dk8w,0
8pznawy9u0jubz41,0
9plpnydgii58pbvk,0
bu3paq5lqk6izajd,1
fgsf8dxic92eftyp,0
dnm0myk39un6zt35,0
pncq04xckyibtnec,0
y3hoo0z68cjzpri5,1
m4efqnqgjyhi8mxa,0
c0oeijospnhfxa62,0
jp7dv1mgnj94gt7o,0
9jjrr8fybf75p4jr,1
e1bvsql7wd8pyv35,0
2tdhquoc32hd4ph5,1
eyn1su1agtka663v,0
ypu42ct75a62lpyc,0
lnp7t7xy3hpebyj5,0
irrevf2dlehojlox,0
rkh5gutr93woev3n,0
3e5jujkknb5qr456,0
i7ppgh1lg2zvu5wh,0
md8exunt04nkeqko,0
5r3o5qgmb8bfi1ir,0
6emce2bxijhpcm6d,0
xvnfyp7kqx1lwrh3,0
2j469n92om35zx7t,0
oeeb6c011lnx55o7,0
fut0xxwl4ivwn1jz,0
22gq953prmw7sotz,0
3lsf3zbm2o1383cz,0
fu59f8ju6iigxs7j,0
tdeimy8dea5vd9e3,0
cgavtw4o94idcd7u,0
pp2tryxteqhspm3l,0
lfag5yqyez6my8j5,0
4q5hoofpckc05n5v,0
anoenelufs5jot24,0
zlimsupfo2fy7qn9,0
txox4n2rbtn799ey,0
49klkspuadykwh6k,0
2thwba0m0zg6ifvx,0
qpbtpne0wqzpdtwe,0
geatja2e5qn4w3bq,0
5wi3xmqfr86cw78e,0
1i09lfoy12e151uq,1
sxnc3nhqn7sousdg,0
fc0gh6srwvdjlqum,0
t2hhxn1wc98qgw9h,0
whsugbnoe9jbybsa,0
322wv33lfzuuyza9,1
pvx6kh6w3iouwubf,0
v53x3qoutzix12t3,0
9if114lvu8wducoo,0
6k37v408704dx3a5,1
6roaqqjv9kmvmgn9,0
dkvf7v1rdfoqqzrw,0
vo9mn75a3x1w94oh,0
tot7uiihu3jrgndb,0
t3mge6nid2h3ru3j,0
6cwrulscfm8m70q6,0
5l2ohyp2ij519zot,0
g4cucxmrakneb23i,0
mkml1k307ox7bysp,1
z2lvdzb25fwc9aec,0
7qhkcmdr2ypkr4vk,1
hx3fg38ni71rmjao,1
m3sqe9umyd7hba50,0
4hhlxcw4vfbxmhwq,0
xqdesvi7paeam95f,0
tm61t4di1txbpvrd,0
mbzo7moinyadugau,0
wrb87jtei3yn02my,0
m7bv6tpy8zjtnhyo,0
70hihdlh04656izs,0
wlikzqdgalon6r4y,0
0ag5wbqx259hjyfb,0
ab13pnleptr7wxwa,0
wehmic8mqsuhun02,0
a5sn4aofzr0d826e,0
sid6un5g81hjlouu,0
iurv8bqph2lvq9sq,0
szngag00cpp5jeuq,0
be2foqspyg6rwxce,0
4fnshhj9ypbnlf99,0
rbfhvt3vobkatmw4,1
h7unb676d2qdbl6z,0
kurnha72wq51vcb1,0
fmctrocmtq3169it,0
r8tbxp56b3st4770,0
etshce3p8getv2m8,0
vyrfxhx8qskctcdm,0
0g79bvic0d22cgck,1
c1zmkz1faubsg8gv,0
upjvjelqhfe9y46p,0
0hy1rmg05hzhhcw2,1
nebee6gp6ru1y1cn,0
8kdjxvwxkhdrkrvl,1
k8wai922g54b6de6,0
pzbbcs0i53hiekoi,0
pyx89yni707s2ue4,1
c0nad6cot3xnd9d4,0
m8enz2nhszy0fuvn,0
z016n926xtby1c7u,0
wjr178viwokcwei3,0
q59oamvgcsd1t6pu,0
53r7fdvu36q0kb7f,0
7ug4tmsd2ggwc0uy,0
6qmtq7kft78vbmlz,0
hzemkfsvik1603ob,0
3y6gjfj7cak28z5k,0
zre1iyn8bh2m5rm7,0
uccz4diwcvchld9p,0
141jfux23ewwqn7q,0
6s85qv238axmmlcg,0
5emz2ta1slvj49k0,0
b6bo7kmhwpho53mm,0
o5avc2oerl8nh0hl,0
a4djlx3vspq6em4i,0
wvi2o8rnq262vm58,0
hv49tzbt6kyxu1pw,0
nstmytaeswcmfgch,0
ww3ejbvpteu1uwbt,0
v0b9lj283jvo2jpy,0
z71whtcjsufgsdlq,0
oiob76f9yf1yk1va,0
z53krr00joxd3tei,0
jmr0yw5t7ugarwgi,0
1ufc962je5wgvtnm,0
mnp1vcqzyd00rv4p,0
np2f4wsvz52rblj7,0
pj1lgme9u7lde5xi,0
4obganbrz429ront,0
1j7bihoq5ppe1yp7,0
8xdoqkzdn3z2vyow,0
i0t6xnwd1tiqwbnm,1
v49r12bj2mx2y3se,1
cdkyojuxpiuvt266,0
6t6ba451lrqia17i,0
8fe53vgx5f3j3lbg,0
oza55bwbklfhii99,0
e6c6zeqgh7o3ftsx,0
z45mrqgq0pkncymt,0
ilvlvizs92j8nx4v,1
k1swqys31bobds9g,0
kvdbj9vicr21twx6,0
14d6cad6hg55dcht,0
c2j1hf0mew6f1amj,0
7j9xin5l647g7pdo,0
jxqp13meg65y1wlq,0
xranhyxzt89yvp52,0
oz38gatsh6dmdxc8,0
y1dxpjdvf7q1ezyo,0
hyt76cpp5sp37hdw,0
wdszxfbkcpodappv,1
q6lf6m81kd70852n,0
zu0zdsw0yqqwqw3z,0
svwlbixmc9oknm89,0
qse52l1kc67r3g6q,0
1j4cc41002tfy82o,0
dxb2aekrw43zvz92,0
nzep5qjhimdq652c,0
87nvekdf5oed2cwu,0
j68ga5jj1tlnwk8q,1
pa6rprec741tvj3m,0
korift0k3ba94lwh,1
tbbh1imlkdn2dwuw,0
1jm1epizbq3ujxzv,0
kzw64hfuclflgqrx,0
mg22a60og4epux3q,0
s1jl7vcplopuuviw,0
8rwajslirlqntchn,0
n763uzbja6mgcnq9,0
iazhhk9nhgr9wuvj,0
cx6joijjqweqfodv,0
8eu02of40m94grm0,1
mh9gp8sjlq5e8ko1,0
72qi5g3xb4kfti5z,0
c2fdd0x5nl0tvc8y,0
7ibt2mzltog3v6i3,0
du4z79fv1r4prfai,1
fi6k3hvhck5x3fby,0
onns5q25tsj65ntu,0
71cqje8tf2ltyo5s,0
wmw2qvhfryrn745k,0
s9vrsnf4y6fhk9gl,0
prwcvcmb11jlqlt4,1
v0pj5g29prw86n30,0
0uckesbv3xjrqko9,0
1bperv9wp4z6d6wa,0
7qkc7txgdy5rcek3,1
hik32qoaiwzwykfr,0
5s1w6kcilt6qjs6q,0
br3rjku3x82yu481,0
sfh33m1o0p6fnp1g,0
3q4e0pyjlw54ao22,0
3efttin4p55vxgsp,0
9a2dtwmvkbqwpztx,0
q3nygocjbee8z9sz,0
8gmrxdwfd66b51sf,0
u4bbqtdf4w2ez9kq,0
jhdia00fhdi0g0gr,0
hoa2kscpxpku9t68,0
qzkwhagxkxf9n7yu,0
oqxf1w47xuzo99te,0
frgdq6oih1n084jx,0
bn6uwy2jigx9yszy,0
dnl588opg2kki01q,1
v2hcm00kcqfp0kw3,0
uzaf6vsj2s6nufgz,1
e6h0ok3srf0a9w0u,0
pswfz0xxshnqhml6,0
c36f9at3uxdag60b,0
qpnrad5lxnao5cy5,0
m80626jr6u9wfesl,0
pljr6iqz8x41zi28,0
uh2lew13r0606yxn,0
4vp6ohz13lt0wwrt,0
3c4wlu8ufpht60zd,0
5ttlglksvqm4waem,0
exztjb0e3vjlxvhx,0
trdfwmftm37rfemw,0
um46olr9geos8o15,1
28vtp8lzix5mbo53,0
xyff51lgt1w2htmq,0
1fj8pk2tjnqf46ry,0
9o1xzqd3gjx8lvyk,0
5t7ymso9jveajy8j,0
013hwel5k95oxcpx,0
mn47xivxq29vz0rz,0
yd5615fvj7jlowag,0
apulh5b9m2mqk2x3,0
b915kf3xtca0kq7g,0
i7ode3ukh485arxw,0
7fq99sgxv3ny3zh8,0
twldhsbrvczwzzyh,0
o3o23gpnikw597wn,0
811vruj343viicid,0
nbokosojm8ivjwkz,0
5nubv3duz1mrep69,0
moiktu6cf6976pyo,0
gs7l1hnfwdt9fcwa,0
560yj7aekhdbkacl,1
clak6dikkdlhkx12,0
pqlokefcxvdxophb,0
ljlnxidf7uximnzy,0
4ytzlkbisi0aspl1,0
1hl518ys7fmcgylq,0
byg85zvq6udmvunn,0
5g6nzk9vw8v19bff,0
qkt9dvrnprbda71h,0
8f0d4fsh5pzlcbjo,0
jkojb0il32ue656l,0
8dqtyjc6hy0dyzj0,0
5j21fzph24pp8ocb,0
4o5p6n2u7mqzn5fs,0
s7bbx6iisz7p2xso,0
vmv7qy2aolq6nieu,0
5intyitopcr1ak29,0
syoclm05nc06rcc6,0
10ksvnsxyws5o0uh,0
wzhognr40liqzrnh,0
rwklbb7kazvy94ii,1
5s1nmgd47u55oam1,0
uwa79a2o4m6khgca,0
9v8uwpp9881pf8mm,0
zpab06572ttfrv5s,0
kyzcbdko7o3r6smy,0
zzm3rr1tfhww6cp4,0
ptqd5o5rubljovcu,0
292lb7iddmnrbj28,0
p7f4pqdsts544zhr,0
dd3k5lo749tzbqkz,0
9m0g7mbqlpyuoewf,0
alqdewvlpxws0mmu,1
hqytzud4uaxb3tno,0
30p8wn987h9ocllz,0
voem7zjvt5akg13t,0
azl0cqrebwtlfs94,1
38btfia4t2mmd2qe,0
h6ircqw0xv1srv3k,0
c0y92zarljx9tmfa,0
nxn4c29jvbrbglr0,1
dwtazuprrnd9miao,1
rajq1qbqmpetbyaf,0
k9g4b5rvcdo03gm5,1
gi6cmmcxsfsvib3i,0
kw5jlwl2n9ixfy7m,0
yvfgw98bv00sr7il,0
o7oov95c0ymd16t8,0
txxb5ymbylyesrmg,0
4yqrudh5absu61b8,0
c355twh8oedyeraq,0
pbpgzz5fylz4ra9c,0
g2s1y6nqmxotw7n1,0
rgp6hpck4zofcohp,0
qkuogz8a31zhmgz0,0
zetc60oonzrabrdo,0
cwgkvmddv9zcuh5y,0
1psldxz9dtyuq7e1,0
gbevi1x1tlg0cvew,1
e7oljclvc1h2oca1,0
82fqj251uk5hjwmy,0
l984xfop4x4lhswj,0
cif4mz9e4cpyd917,0
uljiew13mh45b9bw,1
vlk6m6dlxros3h6p,0
p1jtaawnga7qfoad,0
rumbutpamc1uxm9o,0
m7lkj4v8c1f4i34n,1
vbwbkf1falezxj6n,0
1y3vi49cjcgxuhyp,0
39y1hhdl1apa0zos,0
ic35bif5u5w0tzmo,0
100bp7zbamr0zv13,0
ol0v1jcemmvwhkmd,1
4j0cn9yegqrqyen8,0
kwwt1x44yv5p5iu9,1
z0wt4erag1xkiq13,0
i2yy93mnamkdsqzb,0
5wh6yyesj0qjzw1q,0
c0yo9phijf5yheu1,0
q2f0h5jv7wqs2evl,1
kofjf2ygicchz5rp,0
81nj08r543vv0skw,0
hjod3n9huf4v1i2t,0
g179p58221ilzyw9,0
tqe0wk6lf0g73lgd,0
0bk8dw31eg9j99uy,0
uay64g8ncflqxsx4,0
c785ehp4dn1qp4fq,0
fge0yrkjyfjgej6r,0
1850bry3z42pqxs5,1
4dr7s1n5vibghnyk,0
25wijhizw8tyvp66,0
77a7e4l2h65x77da,0
c3hx0hh50uq0qnpb,0
86c42s40gm9ii6rf,0
e8twfajtfo7t8ygz,0
djdbc3wjrrulhbu7,0
solcwreyp35lz0lw,0
rueieehujhyuz1wl,0
9b2lqw8n9mhnnok7,0
zqogbee399t8xbdl,0
vploojv8nr4f7144,0
loudscnfkgtdxx53,0
runk4fa9261ysvkc,0
agj23ou2i9i2deso,0
m9nb9sp8ugufu705,0
ybi2mcaoeiyl1v4h,0
coeg9we8yqobkh8n,0
5hp25r8inexiq03x,0
dgpoya0f9q42o1yk,0
8m6p3p1538twc3kc,1
bcae0qnz7v2quo5w,0
li1qfsbqt2j9vik4,0
g83lv4zuc3glwxtm,1
83bmk60m3ps8jbdt,0
lcfzq10gjgti7md7,0
80x1q8jyyk686xds,0
vgovk3jy06sifb7z,1
weut0w5k6rtuqkt0,0
0sd0xamz4a70s6xu,0
gulmnypz84uolyt1,0
bdybhsp4ww8n2y9k,1
obe6tuwasvor4217,0
py1s2zjfdcif4qvy,0
4xi2q97uh5mx0cvu,0
6g52612nujrkutc2,1
xam7az8k66zaikxo,0
jfa02cet5q5o8n2m,0
cafqo89fyc84a1z8,0
c6ldmaw4ayp6c0rr,0
07t547ftj01zuvhb,0
7q08ez3sry3f3k1k,0
95dcs4tzk2ti0yxc,0
xrgjis9y8b2kjeho,0
4ndcny819qnc3pu4,0
t45dm22vh1lufoj6,0
lfdtxydgz57sc9ts,0
29hjxi8bt8fraj24,0
kq5xfodo5n36pjcp,0
xkhsit1fsd17b7kq,0
zxhyzt0ghoxh2nn4,0
xmz3kja3b91s5vjs,0
4autf1yxtt12gbvo,0
hnh1hzddfovh7b9e,0
slglc3zuak2usomz,1
u2lzniqslqs41pqc,0
pfzvo0et4tjxn187,0
tbuaa33x1uw9jhbg,0
0bjephk2dwxg8pa0,0
napfzx0pigvrybr8,0
t958pmalbrs5adtq,0
mw459qe88ub0glxv,0
xr37r0qru000zztp,0
0sndrqbmmqzdb1gh,0
xylp9j9w1e1ps003,0
24ilb43anqdtjuzn,0
fz2urpqwt8verle6,0
7puh1hn5khzbwd3b,0
kwmifk2bkmffsp7v,0
a3hmixk40esnx194,0
pdus1aakpvl98y3v,0
ndjh6bjpf0auwsu8,0
9eopxcygfe1sw25y,0
469j1msvua83fo3h,0
qp3mcsn3mudbd3g9,0
dk7akiu2qio3b12n,0
sjue9fdflcz51qjs,0
bvlszst299utq7iy,0
e70wuk1e900u52aa,0
lgl86wqowvsvvnwm,0
id1bu8g8dbssaapi,0
p388wvfwv7v33nq0,1
r1ahr63dctv1dw9y,0
nxosvf9wweu72pqe,0
ucyko2sih6uwkpcn,0
1xo60mpcunili2xr,0
eucze1jiwijvtop4,0
45ixt1d3yw721v75,0
gwk44wigukgbh8dt,0
1vx2eqe9quuae7ix,0
2k4svwjyn8gfjwcq,0
qfpxmasnggg7im62,0
wn7wl1uyt39url9b,0
q123zcvi2cjw1o6s,0
ldiqj7eda553irv9,0
ju6tbe3exs47y8vi,0
ukau1oixto3hz807,0
2o60rzyis020xhts,0
ce2eiga1w9hpmzjs,0
c6kybzqxpu6b2eyj,0
4w3imeo1ks8lfz3j,0
6w0w0hqy6mqgkbi6,0
rvv45i69rr715l4j,0
i5xsxmn49kpl2yxq,0
4uqxyli5wh4ccrbc,0
2ksj0ewjcoes2rrx,0
fpqjy0wimhragxzd,1
lirhqjhw6tlem0e9,0
1nbvkmjw8e84misk,0
29nzjpino3f3aref,1
o0cjobydxg1rxx5z,0
ne2g2yk1izdbwnpr,0
bqs4icu35i71hvpa,0
sl0unir6sv96dx6h,0
35gndp5gm1y9ztn2,0
okx8ut3sp4zzvsga,1
e2z5zsjntbvgpm9n,0
gmbb5btqxm4eb5ib,0
qffoq4v38ti2tgg2,0
ahyidzrmu4evbajk,0
80uunn7imhr71caq,0
uha5w9r2jeem1z8h,0
klp3ob267f69tfa3,0
y174c7vitqi0uoje,0
n30jfkjjm7kqaxzs,0
f1vl7yhtnvx1ta2t,0
i0wfw9xk3fet8uvd,0
wkkhkdlbcci5t548,0
duc66wo7o6g2vtwv,0
4qbtxjtwsgblc85h,0
z0bot27qiaxv44gr,0
ii0sw4b6gk8qn1fo,0
90g8in5ra4zrvlqa,0
0gu0lo7c3mezq0q5,0
xza640wymt2rayvm,0
e7jbixmrmufuuux3,0
zrgq8iyv04ptu20z,0
fb9w9ed4zndmvzjp,0
dlgkloq4x8hllcmj,0
iy1i4t3vf2mil6wu,0
hy7xl5ri2kpft8bc,0
nduni1g5u0nefakm,0
7zguf90vehybep01,0
bz1saagrvw3witoc,0
7vd27ezixs6bu603,0
5kc91tj8jowxxdbh,0
13mqg8oqzb0wggb5,0
32dabzs4zrxoxbl5,0
41x6isv1mxmrkhje,0
2gx4gx36i7hf6wqo,0
yx9qcp0gryoos7g7,0
62uktnirvfmkvd2t,0
2faonn08zkz1foii,0
db6my2lebitdv22i,0
g2n7d9eb6yt2196e,0
v52eptmdl13hfqp3,0
sp29mw69jvfs26gu,0
gmmq0xj9t3yrd15q,0
nir6ffbouc29l72c,0
ap9n9cboeey8ejb8,0
ef9bhpc5ai7czabg,0
nau8cauys67vjqvc,0
ntzoyt23s01p65ey,0
3hhdijex3tqohqqx,1
vz1wnq7piyx7w7ce,0
vl8fp4ed8s4enqxz,1
ma30z1bk6vqcuz7v,0
socub4seimjvf08e,0
9v0wu990ri1ypd4v,0
khjs3hw20mww8qf0,0
jkk87bisjtwsz60i,0
dxk1hqzmdzevi6vn,1
1oaj8chwxiysvil1,0
iquguy8pl0dro72i,0
qwredkjmpdhxpmoa,0
hc3w92sciws3gffn,0
s4oic4yggler0x3t,0
cyzw3punm5jkxa6k,0
1v952o7cid1a7axd,1
pfle5n4gfzegm8b3,0
snb0nw263kd5ghnm,0
39yy2czn53i8bsyx,0
9c5zas7j6oagmctv,0
xplzrq74i90hl7go,0
8x37ovkl44xcmwyl,0
6xe0rwf10k2m9szs,0
kppt26ifuzt332u7,0
brydi7v6d3kssmhd,0
f5atpikhuo1hscfi,0
y7j6yznex0myh6my,1
05da0yui4juyu2g9,0
cpp1qzoagv32kxmt,0
s9gihydbr4gb23d2,0
3i6sx4mok9zevz99,0
j3jhwyq435y07td0,0
sslldh07ncqu1ur3,0
p3ipnskq8t9r55mb,0
5pgo4ogt9ggan772,0
2lypqdrgzrn0v7m5,0
g4opn7u7qyrexw2i,0
evvq23zem89whgz1,0
qn3lrqwfr55hu2r4,0
heamu1axoc7m0ie3,0
pewfblfrg1o9xuah,0
srx4qjh36paqc3e0,0
y71ja723cg4ua5yw,0
xktnblwqgl2wfd4m,0
ctgpca5r4w9b8i08,0
rhsbmh5kzgu5qx2i,1
5uqkvkhbr1ktt7jl,0
yn57uafbebgfuuc7,0
pjhwpptgaof4lpok,0
5ka7cmmo4yqwdlpj,0
m5y0jyy0frlfar2x,0
s9n7egxu7sl0e7pg,1
eswqypz5wi3d0db9,0
fjla1ywz19hukzbx,0
28zqwgg6xr3xocev,0
y24mua4itcf7bqyv,0
b04c2v4zko150o1h,0
ap1sf5bcrlypbi0o,0
02gexgv6rvqdmhru,0
qgyxrvqbag8l8ofg,0
1zlt3tg0buugsywu,0
zuxhyuhsgdi0egnk,0
kfx4k2b92b5ip51d,1
ry3jufpiipqj2bop,0
uczhc6bfddylg68q,0
wl817349m4iefv17,0
cb6la4wmgqre7pmx,0
ex6som1ndc6v9gr7,1
cssswoywfm6ye84k,0
ils0k0w3465tzfow,0
8bfh7ndwyjps85zp,0
6ltr83eal3izqz98,0
dn4fabjl4e8hki8m,0
f2fpqhgqhdoa2rwf,0
zitqc67ysi4h6dnx,0
fdg9kdxoex9qnpuu,0
ruwy28tb3xvlk4ew,0
4us6jjju8n171yvh,0
aslz7t199vvytg7w,0
i4vdnsnxns0iouyf,0
0l2845dz2o39kkvp,0
ave16vkyuuvyq2tp,0
2zcbbmx8q7n6oih8,0
mykxviznddratcx5,0
qxrggcwdrraax38l,0
klcev2qp2ahh5x8g,0
zudtcy248rpddhva,1
sij6gvxy6mvrn4z5,0
smtoot0ftbe6i3x5,0
cekzk4ikauetyie3,0
d8bo0daxylp5d4dl,0
v5z0m3ohgdqxpgu9,0
0wfb5ha6h48zctms,0
sykq5y0tfii056z7,0
vyzt6yk1t72kb3r4,0
0txswbi7zxx3j19p,0
vw0ep7sxu8n34dt4,0
roxa63xkl7dkfs9r,0
7b2mvyz2kf9vaqwz,0
ky3vl3z0f2rhy5is,0
kyjnrdv5met96ct1,0
h4ryw2kbz4zks4ap,0
avltfebdtpbo4s9k,0
mdk42thcdff9da32,0
rlpe1eohelee9y3p,0
ajxzrwys065xcpbb,0
ukuws23otx8xe3ok,0
obnjypsq9w9ov55k,0
11ytlqdj4co8d6bu,1
a7fbatck8jf9skpn,0
2hce4p1wheqvotxy,0
eb6qggo7dpaedjon,1
e1wuugjuucfbgww8,0
96yoghcr9fabdojr,0
jann3rjpoecbeiqp,0
95jd63gwna5hi2zj,1
vdt1wyfg1yiiv3bu,1
o2lgv7w32fd5hv86,0
3grbmtm2dk69x9gd,1
01jyuq02izdod4lf,0
tpe74yfd20f8gxrh,0
rox1cpkyo92d4dyo,0
z39m7bzsqcm0k2jr,0
yqb2ceyx9d0mrihr,0
vpolhjdp9hf42tjc,0
k2u1zj4xzzp3ohbt,0
l2yecjfp9h2aunge,0
wkyxg7hovoj6kcdf,0
nhq23t6vvnxq1c0c,0
qvv7w6ngqs5g2k63,0
e5wxjdp9lubt4yt9,0
xqex77p4i1n2dg6v,0
wz99rv922bz3m5pk,0
au4xbuucn9e58zs8,0
j0iulfproi6vgbpt,0
j6k21cs2spyi7wtz,0
dgk2ve7eun7dlx2s,0
ziar3eh0vgzgt5wh,0
r8v7al1twfhquanp,0
zznwo62bvcla0lm4,0
p5ae5t239kpvpkkw,0
0wh85qfh8nz4gisr,0
v88g0kjz83mnnsu7,1
hskhjok07imzxp1b,0
fb7ej8d9ocv35lxq,0
lurtd2h493mjwk0s,0
twbt4b784qxnhw5r,0
tmlngswt0avphej7,0
8rrq0pdw8761iyq8,0
6w0mehubp7ghsrdj,1
0rxzhukcxcb4osxa,0
s2nwxisp0i68930c,0
8dikzck8p72ccnhi,0
6e50f1fgd657uz75,1
y4uwj5jfgj2a5fa1,0
bu1xiyz9awyzvwcn,0
3j9n1gojualm3xdj,0
lktd2l0zf17rdrqk,1
7omnmq0c49xxqle7,0
zbc0tlmviuwh8zj1,0
pcq88gs5b0dqi6w4,0
mbh9dj6fq3sxk37y,0
p71h4qspa4xkehzx,0
cdlcinuq287rjuei,0
f2lr8lerk9uk6wgp,0
3ozdgi6ksb2pwn0k,0
61jhsv2013etirdt,0
rhty9k32fvmu8s86,0
guo889gb5l4j2zjq,0
899ayavgjv4ur1eq,0
ktaghuqc1meqxl4u,0
rdlvy8e3itasa21c,0
vo5hrreyeoyiyaf6,0
tal1oaw89kiom1br,0
ryqxko3o7dsm4l70,1
xhvy0ybq0scu1o51,0
hhhrvs0vgycemwh7,0
2gnyklknppe1qmul,0
67z1uzc3eo0s0m03,0
r2xkgk45dq4bgq55,1
y2hsiqg9tzncfjfz,0
nkp1qkznxbgb827z,1
5cdd3rtm30yqpls1,0
0s1my6exvesypfo5,0
806ckcq4ltztn6jr,0
iumfkcs42boawuwk,0
vsenxez5564s5v9h,0
52et98s9m8ar7jcv,0
aduvwaz2fv6ngusr,0
axcd9lgg19hpiks4,0
8ionxhoyyxd7v12e,0
3jg0jz1hjr0uvuhd,0
vgiu4tp1xwwazt9y,0
0q1cmi65h8hrwlxs,0
h87tllgi132n6whm,0
3gs6to4t9ooit7ug,0
1j2craj7zluyjaas,0
2ciecf2vyyab1fzq,0
7sgefng71vi0qvax,0
i0n96dl501pmxiic,0
skw0aut4fun7dswj,0
7h86os5jxrv0pdhf,0
xkcrkkk3iyjeaxb7,1
fbo62h5f3v0awrxm,0
popvx8o9f79ne08c,1
z7122e1ihptggpjk,0
z2yj6ymz6ak9obff,0
qyxtbebwh9mu1akv,0
7fhhm0sbhk76tvnh,0
lt3sqb7wwgexqx12,0
usmizyaj5xjjjbcw,0
j093mijzsbxo9sxz,0
kxmb4x5644al5o8f,0
2lrzvkp61gzss66m,0
q3uyypm3v1iwl42z,0
3vsffao9c5oyid9t,0
2jryrvaz4epo8s6h,1
zdonez0kball0wnu,0
8fnk0lv44bqykxsl,0
q0503ce43ilt46lz,0
n8kshl79iq1uyeyq,0
ss5pwbu6fjs3whug,0
o8wzqg8y7le9yc3r,0
hu3u762ua1za687m,0
p6pvomftr6yizds6,0
x7h5sxgdq02gkmi9,0
p2e154413i0orywm,0
3l45o3txxb0qavw3,0
33i64k49mcq6ln00,0
zspyj7im8jklhkih,0
8ys1y66z2cmv60mg,0
cjk7y3hkcfkl3h95,0
otkuni16w75v86ed,0
nwejwl9qyx5e2vcx,1
cf3lyklbqwclxyq7,0
6qc4v4lazezlvvoo,0
w1wrtlz6e1hvofbd,0
tpnzllzrfr1kaaar,0
tapsegn3jsp0ymk9,0
2fpvdevooodxdl0r,0
p9vt7wv4vq8371au,0
idd9kh38jliamjos,0
4eqzj7dw3wcrh1fb,0
ifxkr2lp35f563jr,0
x65449ao9muswl12,0
p19l16w67yiowk81,0
i35ksjgymtdejyuv,0
8fqo1wj16p7elraf,0
4v3viz7qkxp15ugd,0
w4qctizuq68qwgp7,0
7pdq8zws74tjkb6g,0
pm0dh8ujwqaoemwj,0
5mxdyrfqvpqvijar,0
plsskwxd5t86x3tx,0
kid1fodoyebvuusn,0
2r5tajtusnt6nurv,0
c3a9hatw5hscr6je,0
5srciubk6ipb8cyw,0
u7lmu1eibghu26ln,1
itkci7b5not6kgp0,0
898zfjrtjrd9t4hg,0
ileyj0t8zzosie73,0
j5dsckofmstlcsci,0
jhvf93ivr2r0vfl2,0
hlxbez95rfoapyvr,0
5aq01t9haql3y4h3,0
35i70g7nr9wh459r,0
3q8y67beaj16xflg,0
ez98eq2o5h6hfust,0
71wfv26xdjiw4ctb,0
m0f9d1e2u43v4cre,0
s1alsv6cykucihkh,0
65a3qwkxyisk74pt,0
71g6sgrgtv0ut0ki,0
eika9erntiwuf5s9,0
47xpe0kew3eq64j4,0
mk9ef71r9txvf26y,0
30crdooxltpt14m1,1
8qey9yh10w1f8mjy,0
vnmgc56opuennwfg,0
bie2jrv2t5wrgxtn,0
7y8yhlfixrm3wnvq,0
miux28ib43ww073m,0
7h2fko0u4p5mdf5q,0
6acjfxj0f7vp034a,0
cunhcs7kzi4n5x1z,1
pym62f0azcgl1e13,0
z0d12ib2ntpynogj,0
8dagftxmt6o5mdp5,0
zn52x2xeoia4ivol,0
mgxf2y3eeie6ps22,0
pycevvd2jw7tr6sb,0
ftylfthq48mzm9q4,0
ap8t38b09iraattk,0
wysjcy8ykhyoo07x,0
ur3p4msv20wyk7xj,0
gxl0pzqv0gzeqxkj,1
a8c7epliz5buwy40,0
pzrxzo29zm4nlosq,0
0mwntsttv13sb8j6,0
e8b0056zz1eota7k,1
o7b9ad0eshfr6b31,0
aiynjs2uooh2ic2v,0
ocmsjln4t6pmrk05,0
h48mwohrb4stqv06,0
pyarbs4smld8fcm8,0
a1rsfsl9ocghy76b,0
kdvyll189ui63xkx,0
mishc7m5lsopcep5,0
lu0rhedkrkl23imf,1
1qx7p1a43pqglio4,0
x24bzem8pqrjes9w,0
de4sor2wapijs6sf,0
va4frsrb6x66ohz8,0
phy61tr26p9yogus,0
mx100gnsot65kxvz,0
2rvq1q0wqmrkqu5h,0
1j3n9ekiy87ss76q,0
4ocyng0fp3xy1nkf,0
yzmno38smrj2m2sj,0
r10wz5l8rnjp51ka,0
txd38lyj08mxhnev,0
yobb00c5dplqq9nt,0
ua2n4140pot89bpe,0
g3o7ncgkqm0pj8jr,0
rlq21an1pyp0ew4n,0
6cfjazqwcb9siwbd,0
noid24t7so9htu1s,0
l7vvwz6jk15f7be6,0
1rt66q5hnpyxv0x6,0
vlv54ygbfo3rc46d,0
kwrpwiiwcfl5c5fa,0
v4viq7pgm578cjou,0
dmfnvxty52a3b5t0,1
2kssx5df7znds6du,0
uqdz04evdlix3k5o,0
jep7zn7ohe5nbmut,0
i98u8g65fbu6ahui,0
5wds16cnec4tp8m4,0
9ild7h87arre4iyn,0
cpjjduo7skwa4qhx,1
joky08lzndqnry4f,0
gmb9kmcctm5yrwis,0
9f88e3agemv0uskp,0
m1pzi1z43n4p127p,0
mkk0mw6wk0jxace6,0
ap39o5xwkij2jijc,0
pmefono293z9la6f,0
57uw6gw7djyzmzf3,1
kknli0egdz5mog1y,0
g9ibo9cs3njhqrg7,0
hzzuspuwddyj751v,0
zwj5jn2t79ofdmwo,0
tc7r0ofpsnp19b1b,0
zf22tleqa97wmb7i,0
accskoq8aa0j1tl4,0
87f7jlbsgwdmvm5s,0
tfflb85vw3izdm6n,0
gl710z22e3odyzs7,0
war8zt9lgudqnhuu,0
x1k352bq8ib1ahut,0
80a6611xh8ilinn4,0
i5n9g182ismz8xeo,0
rruv7y1poocgskga,1
tpo24r1vvv1pslb8,0
ma8w3t567fedly39,0
e2aazvhypklmo47z,0
dg2547wnsflg6uuz,1
e9hmsimmi4npmnz8,0
3fhtxbmu36npkzb1,0
13zkc5jjxrh279yj,0
o56gov3w0bc56qab,0
4d7lvp1y9kque9m5,0
yat5d5rmfy4awxv9,0
j4uhljje98er1p37,0
122e6m53997jajb5,0
1m8wq3ev40zc1bcf,0
8yz85f3minbrdr8g,0
hb8xpc7tmtr3z9nt,0
k136gx1251udoblm,0
k31oxxdonqqje25u,0
eg5r3w1oo8ktixan,0
fmdt24ng7ctuoucm,0
w91g9xllhfo4s8oq,0
46oe11kocsz9g7uo,0
nz46ycfwfs2ls2d3,0
8pei6kcqncrb1olq,0
qotouuvq2g6z9dh2,0
kzgpszd67iucf7c7,0
wv5faa6n79djs90c,0
1lv9mvjfarr3vihs,0
yggk1ev1fkd8xgry,0
ip9vjwfwg8q8ha7w,0
qfg0q5lm6ys709eb,0
54xvnp7og7iepmga,1
jk5ozno8watpn3is,0
hknxagdjr6q3o3du,0
zdkbjfn4uutysszo,0
rrvbxtuupum0xxfn,0
jbo6we2066dsp9t1,1
jphkads6vv8otcrm,0
fo5rmxje6viobhp4,0
2afc7xmc4nhpeljt,0
nftwy7swtw8yodsy,0
w1tcbwy3emy4sugq,0
qndxc2s2oe9gwxcu,0
oudbm1qfxdz1vyal,0
if6op7iom91n62ep,1
w6q418et4sa3nbfb,0
cte4wq6vf75ugqbh,0
hmwy017gu7ccnnsq,0
3bg53s4lt6d2kwdm,0
vpszejns0pu4ul3v,0
0x1y3cmm2pq1xqei,1
r9mhbi91pf02mi1f,0
w90ynj3rogbkdwoy,0
dbmmzyivimga15tk,0
niiahd9xceaxhx0a,0
lv449lwwes6t9v5z,1
yigr5x0hihn9beyv,0
boluh2o1bbsqy65w,0
d6bed48d2tjtu0od,0
yfky8pyq1a9788bc,0
py9x8unileyw3pog,0
hjxkgwowx2oyw5ne,0
8ql6l9qbxja8y54e,0
s2cuobq4eo2rdfqa,0
whzl2f5kovury6ek,1
0rgk442n2usdvoa8,0
9783ns86s3wtigid,0
hzysc6ip286deka8,0
px1ef6ubrto7ly7x,1
ud2zsu3hsjhji2p8,0
uwqtvvi18ahlkski,0
ytw0iwkj3jrtk35m,0
snslyyafp4gc96n5,0
7qnfyqal2ram97n5,0
fgjeduaccz1mauqk,0
lqp6rlju5rdg75a5,0
nbmbvhexfrgpyuwi,0
tdoc6qkbujt4uwep,0
kokrk5kf9dlmfal3,0
5iun6wkaotvtpbpm,0
lbxbugbav44yp4b3,1
790kz1mi6jtwi5cb,1
xrldfr317oc83rub,0
69f8wdg73k6n2ycy,0
93s9l11jzvisdvks,0
38gsl5qf4fxhnuy5,0
irxp7fm6uk77jpor,0
4uktprmq9wa4m982,0
61scebpnnt2cxji4,0
3ei9dhltas1vwyem,0
aowillvy351z0qv5,0
cl49jbyqgrq9oyz6,0
vtt8rnkljukglnzg,0
x0fzpsn9ouc4q0cu,0
014omfqm2regh1fo,1
904ccgb0soei3y3l,0
enawni1qssie4or5,0
8l6tfpxjj05ccllw,0
wcm1j0q92k959hod,0
qnjkrt0g3f88ye3z,0
1zw5wvh56hz9cdkt,0
30gw992edcbwaewl,0
f6dfhuqyokpdlb5z,0
fiag3iordawm8fkz,1
01i1ms2daynmjc0z,0
ks6tr4uhxttl4e8b,0
a7kl6eiokgxaaj69,0
e08nl4ztnv0ttp97,0
vhnhdenx1ffkvqeq,0
pqcwfz42nrslgd49,0
bf7whrysvpx884gb,1
0nkdxvq052sd1sil,0
7p5ixihw193ppe8t,0
m3tfzw5blfqzxfq2,0
keh2txftvmpf9ozj,0
983xgpjzbbmpq1us,0
xrz91altk55ujfpb,0
xopobwchenla3q1f,0
p1jjm4rtnx8c71nq,0
cwry01etl8c6rb8g,0
alnvhv5z76psbwe3,0
66cqtmgw4bu8x5e9,0
upjkkfpckke2bvi8,0
zyo0r06rlhlj4so8,0
nrwc7uun11ok5h2w,0
qvzwihetujk7pl4v,0
nlq7xnsa8m02mih2,0
wx1d628p2e3yw1v2,0
s7axmoqy6l6eqrh4,0
1cf400pbrzjr95s1,0
kkcb4m2y62o52uu0,0
87x3opwmxewjbkkn,0
w0xofde36757lf5d,0
rizso2tzd3zpw02f,0
tz8ianstdhr4ee2s,0
7cpishgsdjchzrn9,0
qe4izogf4m1j4k5g,0
6k1ovof59aw8iktg,0
nwinxuvdprwdtj8n,0
6ng0w215zzgrmlb2,0
8x5kjnzdym442ja6,0
oqu8rqeru2t6lsfp,0
9ngwheu6hbhxqj8a,0
nrjcekfm2zw6tspz,0
t8b2n5gsixz22xx9,0
mlfbxmoxhjls8s40,0
dxp5oqcb7qf4q57r,0
q0g2oypsmxrwqh9d,0
94155xyu8gc4dof5,0
7l56vu15l8kf49ap,0
xkv50afjcalw6gz7,0
68tevopv3jt8zudi,0
yl13hbqzc7ft902t,0
pazr1c7nidychx2g,0
fdx6xk9kcpsx2jd4,1
y2a4p98ccs0yik9y,0
d4wkpckl6ar0aiu0,0
aroczq11b9xxnuku,0
wjv08ri0erx2tlf3,0
p1jtuqk3nnzxt3ra,1
myyye7d62fc2p5hu,0
8kncrfqde15ldit3,0
gkai7ayd9xnmg0rv,0
i81rni0dmjfi4f5m,0
uq71ds7nmdhd8lsh,0
h37jnzty3xvn6ea7,0
09xoq0x3u97x1wpt,0
e1tdn5z9q557pt9o,0
qvahah24vu9w58fo,1
mq8iboedbc23b0vl,0
eyi2t1rhazp4j92a,0
yhy6obt5nz3e9xz3,0
roxufaw9gtpmkiq8,0
vfacfixc90i397d4,0
afqzna2vnpwtsih9,0
ujnksm5zwjfzdjgb,0
i0lek30tjdgdmist,0
dtzrs0mskp0plu0q,0
ipdfbi3aca9hfpab,0
hd15v5uh4yzgyqyq,0
rowz1wraqip4zx7e,0
xjprsseodvj3v4mq,0
h6f9o0uufbdp1j3i,0
kvieje1kjhm6ldlm,0
2chtifxit03t9xcc,0
261d2tqtzjyhbew8,0
7g6n7pfq6735bfle,0
manmwz1gj1v1aw7j,0
v2p33g326h4zw6eu,0
1u6x7gm7r3nd81e9,0
cvqtv5bw1dobbxwt,0
qgugpb0exia6agow,0
6ac6a3iav43nrrmn,0
25hjtnojk350hdoj,0
jg6kaeej4leqg99u,0
alhweql5ogr96k0a,0
j0acdmsputbrq8v6,0
49o7wd8j8lrdj506,0
8m8r6i56zxwj4oso,0
o56norszxdbfpbso,1
bdsguj1brtmvanoq,0
g0fx5k939ldvc1jg,0
opugmvlda81p0098,1
4wh3nvujvxsjc8pl,0
hgdsq6hyta2mwy62,1
nwb28vgvrjk3eyxk,0
1adh1kuphfcu6dw7,0
v7fpnvwju5umvvqv,1
blvm352f6vmuxjgt,1
gmaalwmoa23nsfnz,0
51g2uec8xi6oppql,0
74yezt1rtdk90x0c,0
4w3wrjkcijbxgkts,0
qapl8ftcxognml3f,0
lsvqtyxwhpv848yv,0
emjk9tk1rf6h8cdw,0
qxjpjclfozb2oy83,0
rplcwkdpnfbpm36l,0
3fk3vm2b5rt9odhy,0
n1gjr48g83u3b15u,0
gr6p530bigsbnp1f,0
047rg8ryoafxcch4,0
gpdx435t9xy5l5fy,0
6fzpomxem9uhnsmu,0
ssaowiwjplby26gi,0
u7dx0wlwju4so899,1
2ix1iax1js8asol8,0
2t31rmf7ig1y04cb,0
o2mclr5t7x42m9u9,0
nbr28yy2q2pab4sg,0
50e0az2b21nsvqfe,0
8xrbv3xab03oo726,0
tdmz2895oh763359,0
2jypr1l5ecjwer3h,0
q49s50urxa5ib9kl,0
1uovfa5a3xr0kpox,0
1nnb8mr3x37v4c6y,0
vwj2m4iur2bmxkzm,0
jja8p7jkeydw85ad,0
4hsccesrne3cwv82,1
cir2dr53pjqs4hyr,0
8p2on1eu0oc2dljd,0
fpf2q01bknk71nl1,0
9j5roas510sxgwdu,0
aupy8ib6zpn8mtwh,0
28egl6xdleqf9a58,0
6n6bjd3d76fridxx,0
wiagnh9mabkha2aa,0
463q613ht57no8wo,0
od3eravg6x4lcyh4,0
99zh7plezlwn2exc,0
jjewmws09oiipabj,0
jjcxfynxcevucjgz,1
oznxjr62guiiltih,0
hs7f7p4x17ljzij8,0
5djocwmunrijlke6,0
575czgmg8y5soql4,0
ti2s9cy1o81c0gcu,1
xflv93z6a07s3sqb,0
4n692rgiw9ixvx4r,0
nh4ugesd0r6irzmi,0
6vekzl7hjdsykwsx,0
sqp6kgu5lrnqkrdh,1
2hry0pp22g8c7jtb,0
pdlio0gi5jufgpz0,0
el17ggqfmlmiti7l,0
q039e1uggjz8gjem,0
lwitkq4cjofgl0wh,0
w9mtre7mfi1ut065,1
arkjqjva2or14vro,1
mwgppx4j1oip2729,0
khb9w6bhhxme1h34,0
rhaq7g52nq9tzfjw,0
klfgb0470g8yhuuv,0
zfx8esa2evdpqfbe,0
hyk0l09pu3gnufh9,0
xzl2esxewi22sprk,0
j51iwi25d6r0jd5g,0
xj2txe75k0oyedn5,0
p17bwnnitdxjg3ob,0
z051n8n9saljzsj4,0
62hur4676kapjq9e,0
zh8emwqnv4zvs6fz,0
6ulc29amvdn9ljxk,0
sa4stbs8k8k8jygy,0
73kgepxrdbsf2kp8,0
3vx53zcg0o0838tc,0
v5wkbnkq2ua5ubw1,0
yjao00fdwuzcyr57,0
i01s0k2uzxw77oxz,0
lk1g307hp15r0aj5,0
5fdjnh7fyj3zbih1,0
jhq4yfj7yxpcp8n7,0
781fg0cbms9xkfgv,0
gw4h0ms0vn69g4gh,0
i5po960ejzsqa9bm,0
d0thopbl60a73nv0,0
v5xy2zmfjvsz51b9,0
phyzrwcgdkj7kuvy,0
dhivh99kd4hxyvev,0
lp0a2gs1x8zqkes8,0
38cvxrxnvi98iqat,0
vxyrnckq0vtblsyp,0
79kbwqwb8pksfnt4,0
kpqig3a6tc4niyug,0
5xenycw7m4s4o9o7,0
9e9pem4jtf1y7q3o,0
pwal6bawhcfb3bzm,0
vgo1ndxb2nz6ua0u,0
96jvelpm9ouf5m74,0
ib87x9ba5gcko6ja,0
q2ktv29j105press,0
wmv7y0lttzhrg64e,0
egd1ki2si6a97y3k,0
gc4y5lnjmayaz9hv,0
qo8b251r1weu34qk,0
fwsfjm0097vdr9jm,0
i8yebmv9pzgvrmte,0
o49ggbp0hn5zyigq,0
co97xbvc41ohf5um,0
ykie1n42jhdx1yud,0
1ujf7dt9zhrq661j,0
hrtrvxnuctw6pn3v,0
3tjvjttgnfzbjta0,0
011paa57hve8rc80,1
y3ldnd2dkea3fkrk,0
fxo0tmsvhwzkbq28,0
fwkcdd926iznvbup,0
b4dz1mdgu2k9qxra,0
z9whzleza9t2qidd,0
iftb99iohl952kvr,1
kl7k9xu4sta3wfbx,0
do84rrb87jxa3llv,0
6ga8dywokauqp5ca,0
8rpse3446lnji0yo,0
nzkj5papux7tsggj,0
hrrx98rf7piwze6p,0
z1yc5oe1kkloino3,0
jylt4wahqvosna67,0
uggj8zqrcnpuqxlk,0
cxvl5mt1q6pkepk2,0
4oqvgqnzpfclu7mn,0
zgxcn5sljc7wk57n,0
zvvrckg0dcpexc8o,0
l9nslfn33up7dgeh,0
a5ocb3c0fcx02ksr,0
c9p7q245o87z6chf,0
vboldryzay27s0k6,0
0mq3ezb44i03sz8v,0
yhcuzrc5bkmbbbo6,0
fx2x078cub048opg,0
cra1qiawqefb9iu9,0
pth2avrbx296jdym,0
yu2e0d3blk8cz90l,0
merrg75cbaxvgqvz,1
9i8maouycmvhcxhb,0
gbn80m66lhmvriww,0
njwxan5xxwbcr01d,0
ex4bgvlwq2bz3e8t,0
4e11y7l71u3l4nlj,0
9j5j6iysc54y4dio,1
i92rtsba5lii80wk,0
4r7oy9i3k8p7j9q5,0
eibooly8vm1x0hpx,0
q2i39h2hnsxpo6y9,0
ke8qdx7fmi9fklic,0
1k284jappi6l4hrk,0
tki9xy1rdqlxkgle,0
72mwaburjk6vqm4s,1
s8tvs3u8gijp4ofg,0
w386zisxygth4atv,0
q3e0hjb9zggdj67n,0
jd2nmpi0e4ldmxco,0
i0y3apc6oqapzstt,0
7p2ydnhfjcf6mkbh,0
sv7z1xdcyduo0j9u,0
uxqpeq31n1f3qpn1,0
0i7vs8rb72zpcmtn,0
6dsm2vxt4jjnn1od,0
1s3w5plcdlv9e6f9,0
b4xqu2njcl5oius1,0
urgto5u58t6j6hos,0
gxhzs2153duwbfq4,0
5hzx31w6xgjojq9t,0
xsv75ow51rkrlg8b,0
8n3kdp5donh7ing7,0
vcjia3x8ba9jx9x5,0
y9xqu8irgkq254nl,0
0swef4tcsi1xiy8u,0
6bipsyn4b24ot3sb,0
eji462pmuoujjzvb,0
vyot727ly5npcji0,0
88qp3lvbm92xua0m,0
t1gncmoa3rv5sal6,0
krb4y4vh6y10rba2,0
upeglrispvh0qhkm,0
j75im7ybj474gx05,0
iy8migt7nk9hrt1w,0
25rqz55jlpxsm771,0
vn7hols7pipnvgvh,0
mzupt764444insus,0
bj35tipom244gux2,0
2hppb4kx76a5bhqs,0
cy2amrnt5ysw8axd,0
3vul3gji7jyaq16x,0
lmngyz3gbub6l9p8,0
06yt3fve6kctg1s1,0
06byc47l14o95sdz,0
qh8b7gc96sprk1h6,0
qx0z7qn7xv6nvyns,0
vjxtph7imjk0tu3j,0
s9o5log3aspsyrm9,0
dd4oc55827jtzisb,0
uyoaswgl03hph1b8,0
7hh74r4dmijj5yfx,0
wbhsb74h5awdzrlm,1
3gyr5310kktf2rbo,0
u3q9cz9zoaz5qall,0
345xs4wp6q5yr6e0,0
ee0q03wgvloca77y,0
2pwtvaha8vq7q7ni,0
if9ad4crq28qbtxt,0
ur8k7s1df1vngnbh,0
3izjinf9xkshfjwo,0
2t7auqs5g1qdyked,0
tqw6cz82d47st232,0
xfqmih5ho5d3etba,0
7n8e8dsrhi4d0p70,0
d80voe4ykclby4wm,0
agtp6nv564kbtix9,1
2446tq5ukqd15caw,0
1el5u7xutnkbbgxo,0
oraadjb3qbrgs9ul,0
3agzxnsimqmcxfa0,0
3ajcvscour1r7s5p,0
5iqn4a8hva1jqmpc,0
5m8l6uz8nfk3li5l,0
tfmtddtcvtbf3awq,0
ohbbfwxmvi46o13j,1
jj10je5gjp6kkhuc,0
7cdm3e7w6gvadjgi,0
j6obhmzy9kl22nce,0
olqk6qe2z86cpnru,0
5ypl1qs6mftotnnq,0
q7tdinrincmrei70,0
ro312xcr28ry0ydr,0
3lw90k6qx33fwp9e,0
jg6ajkcln04to5g0,0
z8b687f3fsjue6re,0
5h3x6ixmynt4lpib,0
f5cchu2sult5of7p,0
10ipve0khupoo7vi,0
rhqn1ruj1ikyk4he,1
un7k9hljjyldh2ls,0
ksy8sxqj05raknh9,0
l3ty6kscwfi76k18,0
8ueswm76qxpul0x5,0
s6w5jvynh5e7f22y,0
zjrlm1ifpdmun7lw,0
x9x9qc3pbzn7sy1r,0
441sxuxpwj9nd5d8,0
klzwb73r6trlrebu,0
3btdfq90o2f3zdvm,0
iqg3pnzav1gxliz6,0
7606xkitpqkqdil1,0
k7eqvkl4df17w8lb,0
s13jcwkud5mrfkqq,0
xu2lz3pfwfip3vc7,0
16taxx6oddntxzsx,1
2q2efwe9m7yzf3dc,0
9msqb5ra3y4udwpd,0
nj0v3kd9fnri2tep,0
tylpbri10fup7uwq,1
k8eenqprtd2twsnp,0
hrebz9bg5t14ehp1,0
4fjl5u14tsqet07w,1
cvzhkyea9edhfaon,0
nk07wezxizoq922p,0
l8xsme9jhkaicbtt,0
kl9ioaokbicookvp,0
j23zi2a4fi6aioct,0
wul74590jdalblzv,0
nyrbrly0d681p79h,0
h91b88vhatti2q0b,0
k5elv9dhz1bh64m7,0
1gxlej98b2di2wk3,0
u41r5btc1jybdg19,0
lejft6hctiu0r3yp,1
1hacxakuztlxfrl2,0
5yj4imdh812yp3sz,0
8rqnroe1h35hgl3a,0
au9login7bpp4utc,0
xbyd00hsifiqn8us,0
l2ef9j0z5ka1qf9k,0
zmpv63tir63xnl8w,0
56grqej01o8loaa0,0
yrw0123a48qkjd86,0
5hyk09ai4ekdxqae,0
qpdtoy7uafwk4kng,0
iw01x148ul2ysuyi,0
i50v5re843o80sy8,0
yws8p3ywn8cp7rig,0
wgp7tuvxmi31n592,0
qjvc9d4cq9sigryp,0
lp0qtzpvgj952zh5,0
h90ikedyptz6dv3q,1
zc0os83inuddww9i,0
h45x5092ufwenc3b,0
snk48s03xregiv47,0
f5efyh4tuq03hzt4,0
k04t1c3y42gsc2ce,0
xjxlzt1zcbwch65u,0
ytl3eghq3ssa9yyb,0
p2yag69xpkvv8qjf,0
lj37qxjhvtw6qvon,0
7ejgwhvwuy8i73sh,0
f6meogjy20pyodfj,0
s0c8d7a161gbzejo,0
xu3pjrmsu9dm6sai,0
gdg6rarprs0hzkni,0
i70djgmm8j0jj749,1
2fo1q8c2iqqb2hy5,0
uoba9wreozo0zr4m,0
e5uhtmhqfjppef89,1
nvcbn6zyhhukstvv,0
t3qoaslejyc236vb,0
l1ax55z54jaiho4p,1
slsychvva7o8vxhm,0
v53q5jhse487w8qs,0
a3r5z5khpi8zbfzz,0
jf857jv38kbfm10p,0
946drv13a1zpvs75,0
mnls3a3bvvq0v7hc,0
ffeke5lxnglw74pz,0
ffm7h04yty6clo5p,0
rwt9tbuc1auswddq,1
0ici4v5eyo8etyp3,0
gcu626798dcpts46,0
6jvvej0t6qqdly59,0
h7ekl3b5tdr7ioge,0
jelaomu8ttt17u80,0
k5c2mynahkhufiss,0
r112w7uxm16joe18,0
5ndczad5rr8559yc,0
42h8or0tmku4c5v1,0
hsiwhd47orm9oyju,0
5q2prumjq4hhks26,0
rh9lsrtznva5e18z,0
lb1dr6y50ca3qmvg,0
erymcrmkorvcptme,0
7qo5ydgcbxpe0ylc,0
ik66mduydonb7azh,1
4om4yhznixpthum5,0
f2czg4g70cgindap,1
zf2dx7byedaxd6jq,0
dq3nqkh2bgekae0m,0
r7svc2vksdc2vbjo,0
cj1vs04csrgpxf8f,0
kbhooo820d8hzuvs,0
0gek56ldr4twwxi0,0
kr6mqvmo9a4qwytz,0
ru30wina0y2hgkx0,0
phie4ztfqsdidvqq,0
sxc6t3ldptaq1fwp,0
0fet3x6ostwof1dt,0
tj71z5mgqt7yca2y,0
zsdb28rjwntjpbym,0
jo9o7r4zw3h9es4f,0
d68g4zer34291kie,0
d1ad6zxzux7ty8se,0
99kh6y9ma88ava68,1
vagn9vwwena6hp2q,0
t5efpkwlserb0q6o,1
2fu21ov72myx0r53,0
r0msfw7pv00r3iug,0
tvt7rk3b2pn0aqg4,0
fjc8kbjx3a31883h,0
8t6tujyyl66zifot,0
1c7nxfskzewpx7h7,1
y3u3eoave1wl2u3u,0
wzifta9zevju0hzx,0
pscr5p487v2v50zb,0
j94qlgv8bglysxu0,0
qc4edoo0ic1o74jl,0
xc0idtc10gwh5lrt,0
nppdbs17ajy4dani,0
ct5myly0l9cspw9j,0
xafuuf4hfrelir7t,0
zux4iuhko9mbb0s2,0
sdcuong53i1rp2cg,0
w0tq06glzm07ruiv,0
om7ul28gw72s7d5j,0
bhj7ppstaxuf9m1z,0
jx1a8u9evi9l6rn0,0
9tooz6wxsdbcf2ah,0
2poo1wvizld2qg5t,0
quagmeoepx2sou3a,0
cseitkt0cjybyaby,0
xz3cm7sxu09pbud9,0
crscndvpyundn3hs,0
08ekk8qittfsxia6,0
v6qbdt84l7d3bpe8,0
jpy9zokzd8p5ofu8,0
1ox9vr9435iro92a,0
wmztmc64az3ubkzx,0
shtsgdf0ecriy3p3,0
w83rotm75o0ovrxe,0
r07d5jjehs9s8iwg,0
vk2sxazwt393wsda,0
br8tld3hyixiurwf,0
0ehgw9gguv335c24,0
n65mjoubgx34vkrx,0
1va55jo6o61ob46i,0
09v0i23dwj4f5y6q,0
kqpd3dcu6q1ghex2,0
cbo9rbso8z9u2y61,0
nmouetfxo3zighhc,0
ri6314euaumnz5ej,0
dsirxxlr69ssjs5d,0
m43gtsyykx4ggdu0,0
lustepdpjtfh4eob,0
2ps9l2x2h319lt9e,0
sklyhsv7o172z88z,0
3v50te6a944ytx0d,0
sjwmk2tsxnijfl17,0
5sb4cowpus5c5i4w,0
ejs44smhun35f1gu,0
olmpb8lq5co7wo1m,0
m90g5y1zfln4460p,0
c93d9tvlx1mhalw1,0
q9fq6bloj69jkgs3,0
wylsoqpz7xx83r98,0
7pd94yfakzdfbjak,0
luah7407e8e03j4y,0
3gmi6tk2flapl3au,0
71rl2ceos82klnm6,0
e3ut3fkz4kq5lmxz,1
6bi17ul6rtgmg7i0,0
3p2k2ju8djdhfsbj,0
am1r23rbyjzpp8ck,0
8fyssrhingia8xj2,0
6kdc77f1b9ha7tn8,1
lf59ho54rqs6xsf9,0
6nl68r0l7rc5vncf,0
x7qh09mmc2jcffp4,0
xz99out0dgo2dc65,0
uc5c9ed497878ews,1
c9jjiriye393q3j7,0
enqvw46gb4mtw66o,0
u33bb6stsqzhhwsd,0
j2gxe1bmbake22x8,0
9mynytl87ebxktgc,0
vtoify1lq3d3khow,0
9110sk4fiww1zem1,0
l88qyp50ycum9dic,0
kz323t3fuqfsd8iu,0
gjo9kringd186z6s,0
m74tlm2uck7ak3fz,0
igkkhzk0tubp4lqj,0
lzuuesb4rmzmowdz,0
rzykk38w3jf7eyjo,0
qwggwkno2ikbpyjv,0
pe34v73nl7l1m3fx,0
dd6su3vgeqq5dyk0,0
i3ptlrq2aexna2gk,0
60pxohmmtnpweh7a,0
2hxu6q1z8niolbpf,0
d83i61qt5a7033eg,0
bktnrltygceu0qbr,0
yo8oteb1433q71u2,0
bmae4vwjehryfgpb,0
k8faxx2fcfdkc1r9,0
x7vkbviwbqx0pj7c,0
jll5wadjhjn84pei,0
ampjtev6ua8e6wha,0
v3nmh5p6uk4r3xou,0
048tnywfz3candbz,0
f0iqu4vxyxinirru,0
0ey5sicgra0pk53w,0
b40vyknvie9c2a3q,0
iqiffw6evglorx3e,0
39217juiltdbau7d,0
jt7pc4k4vxe381sj,0
tnfo1ry6wtatasmr,0
svtfqfvb7xwv9h8t,0
ubjaq2lflc0yw4ba,0
dscxxur9onaxf49t,0
fwusfndfdh29obhp,1
oyohqushahehvust,0
elca6ymyhocwjh2v,0
jq0ofntsy7e484bg,0
714868swu5wgvpqi,0
39z1nor2630i7wbt,0
u9tyvatrd5bw6wqr,0
vsimh0dsyfvydk40,0
3p3eornxkvs5guu1,1
5fpgpu7jwskxttvl,0
2bfdquntgffqvfv8,0
av6i5h5wrtsnr6y6,0
idjskwby5pnxsawb,0
h6k75jtydto6acv7,0
soq56r4ff7xt0372,0
g6uv8je5j9b7junn,0
xhh0ccxk8dmsrjna,0
30ztieop0hc0m7un,0
gmd8afy2azirwrjz,0
0s8m74heuoe6vfu5,0
12dhjmex8q1hvyak,0
kd68rd3answhwwue,1
vchvbu5jbcqjendv,0
s75exczlmtelfrrv,0
5my2si6r5ltq5bad,0
sxkn348qpz40nr52,0
82sf9iru7gqk3nkp,0
bkek79dmlh2f4bjk,0
rzipjtqazodo9wzr,0
ni3vhx5q85lik3qw,1
gmh6qnlshbuwve3d,1
xwdyligox4fp39df,0
5kcyu69kv3pgkfdb,0
a02z52l83zm37b5v,0
68yq231yrby0lth9,0
qsapz7bka7pc1szp,0
kiw2ebj0ixvnhg63,0
xis4y92namc5e0a1,0
v8vi1ms7x1sgzc1k,0
jmazb33nfzotmzx1,0
cv3h2ucmc4p0cu93,0
tvpnqzhyk82wiscm,0
1nf18xlwlvoprdsj,0
rgl6h0mlb2600o77,0
3ccxcprg5aybougw,0
065uaklbe6wga9wt,0
kv3uu848mwygxkm8,0
9uonnw1dil5wtrix,0
iyo0fjo5858a4f7n,0
7s5wqg432cv5q4ap,0
l469ijh4xypp6wq6,1
zw4c09jxdrhudobg,0
rsneef36d9dpe6hp,0
b01r51ku2ztok5n5,0
v8ea93gtft9nj9mz,0
zv4b7glqbe4p54qb,0
k0gw5tz2ueip8k06,1
n6u0r6xt2oolf65o,0
0ojy8txrn64yddz6,0
tftckpwzotd61m13,0
f8kinq0w0bxm93ri,0
cxha8flzntfb4ue4,0
u9pp1jayp361ylk6,0
hwrn190t5f8il2wx,1
bt4wenlbag5eqjqt,0
3lwvmthjtsiw5i0w,0
81pbonoe2uotcq01,0
bxict8fh9m7r7prs,0
b45v7qsojytackac,1
padvrr84j6cbsr9h,0
lanensk8ajtrhju7,0
5fh0cj71a078d56e,0
j4q0h7nynba1je94,0
839d4ua38s2xe867,0
oxxu4bt2f12uawft,0
zmhb1424klz46p80,0
x9acerraijlg2x6c,0
kj5ucbi5gmpnm32c,0
eacymg6f16e14ef2,0
6ta4yrafm0utrkm4,0
sndn0lex0lohjgda,0
4cim1jhulomec5gy,0
wd1yet5pymv3gmck,0
1patozabbyinqf7k,0
ul5q1dobln7aamav,1
v5lkla37zq722w30,0
jfecijo3kgtw8x5p,0
csjx32gp2xw7qjx9,0
rl3pmcc08a6i7tmw,0
c95n0xwtrvak0l76,0
90fznzbad84tnda7,0
tukybmqa0puozbhl,0
ad8xmsrpd2uly0xw,0
3e57u3uumjrwd0at,0
g6qf7pueap9lufxo,0
a5jyr2sudcgok692,0
tnhclfxm9sbzuvkz,0
6n31a7xhp8kae8c0,0
a4ns22omo1atoufr,0
w78h79x9uvu8xhdx,0
b6y2hch5n4bd3q8a,0
ve65cyvtt3susqqm,0
5s3sf2gwn9xp4cgn,0
9qxnwyio2tasbap6,0
5fs3r9ok9iyyqgqy,0
8ry3ymtk9cxiq4tu,0
1ggsool1wj1ahqlq,0
1us9cbllg01w080r,0
45rx2msfles8a1lz,0
xytrfswxuxmktcjf,0
tup6yck34vuauv3r,0
0thn29wfgwrv93o2,1
0r495du91zutbsgl,0
emjxnasus4gpkvbg,1
9kkdifn28nmuvzhj,0
d8hmcm8or6zulxq5,0
1aorzyv5g2bdr6lt,0
28opfgfq6hhwg2gt,0
vx2owijywamtymin,0
yftuipzpr9pkuhrc,0
dfsdik6fbyhlan5z,1
dfl7v8hh2ujm058c,0
q5g87ajn59sjiy08,0
n29cxlrcnsamjg9l,0
3qmwtfd64s5zz0s0,0
znzs4orugn6gd66x,0
icmqz3yqpjddifhx,0
riioapwyggzj9kxy,0
bihruk503v28rapx,0
vv2w02xdu52au4qr,0
2zhe5mq7cemvua65,0
nsl5isyff71t8dnv,0
odqjqhhcydhqaz84,0
vba5nxvjdno7cjzk,0
u0b8mqf0gfz2iuwq,0
di7yy1sdo85ylhc9,0
nm9lxssh7p8lyh0e,0
d6f1pheofn419nl1,0
clcebep4a3ztkfor,0
5pj5849lbm1qm1sy,0
4u8evwarvqay2je2,0
c3cxt0t9w144ojgc,0
onq0afv4qhro0q1o,1
0peknqe0k4iqa5gy,0
0lgzqk6xbrgrron6,1
gwpcyec7or32osva,0
3674awyaciv3a7dp,0
uptbbikebqvpa8rf,0
qufl45t4bylrghcy,0
dvgfy5fgs2zaspfo,0
8epjp7drd3gsxvj1,0
epgc962l0osigfij,0
jyvjedpvz6cdd8w3,0
kprejab1tzk5um67,0
nj9et64p7zyb4wws,0
mxorx0hvdb4f7ues,0
fz0v98r216w7lz1p,0
dl92vixx08v5jqqt,0
ck375pi6489m95g7,0
lhn4fo3vr213hf4y,0
uay0ylnnefbeswo7,0
sjfwjpr0xk4vxqpq,0
udmv2946cpapupmy,0
b2ba29uhnhf8bzoy,0
iwoq5msn0qpeanqg,0
o3hoysclc9tv68gg,0
apweclzu2doz8d91,0
79f7rkp5wfzpriu8,0
gm4g4flid8m1m5p8,1
vq7dlja79ihe1evz,0
5rtjsy00idc0r0j5,0
04fqhshe0w2am25z,0
a0fty95ja8225lg4,0
5oss1mlp0o2lad1i,0
gmsp9axlvlvqlp59,0
mfdrye47kb6wajl3,0
85rl00evsfvr7wyj,0
7v7aeho8o1rljg2v,0
47lt0khemgk177m5,0
n3l378wtkgb16y4f,0
4qzbfp3ptb8aoqrn,0
xrpwpilrifya7w1v,0
irz4v0nah6ovtiez,0
vrx3hunmiyfsh7kv,1
bup4jzk6ot2930p0,0
um3lwj2ga1mcceyw,0
q88ulxtuvp9pywu6,1
nw6yvq9sqgo8nufr,0
3il96xsv89754het,0
owc6t4694xwbg9ne,0
yzolooy3mpqjuxmm,1
rhyxhr393w4fwq89,0
7xa1h8rfledd9x8g,0
lpiify0thnvxklux,0
ovca27g4e7mew1an,1
uh8l6su0z4wjz9kl,0
pkgjonpfi7mv8n4c,0
jsw12eqbuxg11iwe,0
f232hkh8rktz7al0,0
rtv34kdybf1qahkq,0
1o81lb3uchmod5bk,0
x9hyltt8n5itbw6u,0
j3qaf3htzlbrw33k,0
gh2r6yg23lgmmj8r,1
g2y41wxn2lcxrp7o,0
bg0r2tq2gvw8n9td,0
y8ur8fitkf8uk2vj,0
kirwbcw8asgv6e4y,0
xif7t2s847lw0zan,0
9b7d51wp8o8jt2hd,0
ksih0h0xba7serdi,1
furfz1bz8z3qfs8l,0
uv4i6zzr4nliiq7f,0
n40kdvr5w0w6bg1a,1
foug6dmf5smrxpkb,0
lm5v2tmmpvs134qv,0
leaen1zs9mk5mk2f,1
3f19mhy60arpfz89,0
vqr1mh93kng03ww7,0
9yk8st9htkfgvo7n,0
abvjy9ruewd7adkc,0
0k8jwbzlajw4x7sx,0
ac2dmuoblkj5zvcr,0
oid91ojd0lgy0b5h,0
2tmsey517imi7zqx,0
5bgtfyz3fdsbmlld,0
szx3jxcvcr6y5u92,0
fsyno3uifd9ll0mw,0
mgg9x3oa0yqmnpn5,0
3aku5mftou4203rn,0
4yxw3zt3hjtvrw09,0
z746786dit9wdbij,0
kcvc4v54i356xtcs,0
kh0u6ipgq7w0a8o2,1
fj5b0s54tmyeucjb,0
u6c9vnhqgo9a5zzk,0
hu0iggb75rp6bqhh,0
uxht9826ljnwl9xr,0
ntyjja6bknonyfq8,1
kujgwvg3emmt6gxk,0
zmprz05si7sa4zlf,0
7dq35cllk3ropdkm,0
c0a3atnr9jcgqt5h,0
c1hk36d0g9yzhed9,0
504mtpt3mv8z4y8h,0
40nvsnxjsqqmjw56,1
avc5dvwn5bwwhz68,0
wui3cg42o6vcsrcg,0
nhypntgqn2ca4jfm,0
fm9vuvf2aazvim3z,0
c3ze7u3lvnm7cjif,0
d3b3mm8isq4k60xh,0
3w8rgp5awm6lsyie,0
bomwz6jpb9lh6rxa,1
hrs801x2eqbj1hu4,1
kffv576q3c4tt6km,0
gp2dzew3x3igwsrm,0
5s8vix42h4q8i8hv,0
f2whvcw8j2uqvc20,0
6piyetqv9ytoepml,0
wegjjgfli3xu9dh4,0
vqs7mh94emxaj6e0,0
vm90qca0ex7xih1i,0
av2aqxnvdfw87ymo,0
c5tk6tsfzphcbvtv,0
2v0d28dd9qobsxlx,0
w36bb7n8zfk3jm75,0
36pslwvri4bbba3b,0
4hvpzr4f2xprdveu,1
h32kl8wgykihnm6n,0
0ru7z95zgraleg0y,0
kswvltntjsax86zs,1
4k63vfmf2l4uh87u,0
kwh5yv2j3j21rfpq,0
bm2a8ptf2zzv1mj6,0
pruhsfrgusg12jgz,0
hvi3hiyez21bu74u,0
vmgvp1prbecw24qn,0
i51k1g2narprvru4,0
19gqnjxc841h0wtf,0
leij9xjjw4o0kbtq,0
zyhqyt5zohbu96ts,0
dpqvo4sa0x1p1ate,0
valcup59287wzki3,0
x4z1hktu7l4dcth6,0
yrh0lj0wtl0ey9ly,0
jzyz7hwk5bckltxm,0
jyn21hjr6v1jdbdo,0
5waxio89izvb1dyu,0
lsey58f60wpvgr0q,0
59quvgc4mj01d5lu,1
mj1a4xwn9rxhqmt7,0
d43be4fsjjjsf7p0,0
aswrqwzswemcr7ko,0
6qef83i12oc2ksq1,0
op7bdl92fjn5qk2d,0
nlubg6zryzqb6scc,1
kija1valf5r0czpw,0
dxzfilyfa5q7njtr,0
l9b24iaam5o98l2j,0
96cbxgyl6ja3lesg,0
7budi3ck7p9cpwf9,0
8lhfit8y00o7bvpj,0
v6d1w0xw24yx9ge7,0
x3pgt1vdx7wpmj6i,0
yhkia6jfvww9g1u0,0
zzdi7yg0oufxva3y,0
pk5rxaktngilpnyk,0
xljp1ow7osqdn0t9,0
qwtrs7f0swxuczue,0
d4q4v5t3c5pqhsyg,0
qqfi5fcz1kmk6miv,0
2sn5atcpjeqc2wv0,0
s7db9b31wx2yypj8,0
4k2219g5fr4lfb71,0
tgoge7tkx2bcga6j,0
81kltbf8duyhnopq,0
vkgyombmmfsetnp5,0
6y8nghps0vfpiv1x,0
roqc2dfwoiano6bv,0
sfgdkgckpt61m3b7,0
x8u6ikl3fq3u1icw,0
9yq3d82jhmp3cdot,0
clytd5blfdbvy5le,0
6i9zla58cfrkuw06,0
rifqf3s9mdehb1xv,0
fx8essavvjjbpmnz,1
sq6hsdqpat2yqkiu,0
zn10ytrjdr51t073,0
ag39o3xgpofdy9fe,0
c4xr02g43wqfzhm8,0
t1u1q9am6frbsd0m,0
fl4d1jnhqmy2ayfv,0
au06a8f0yutrp00h,0
phyxfqonih84x75t,0
hmjpzqt44rmybl1t,0
zshjd6j0oc8008id,0
cao91aoy32065kfl,0
8z6k7yunxvafmj3e,0
y0xepby1xsssdygd,0
x1fq6kcah15cpdzn,0
5fgy9hwwym0a1ki8,0
ghw5syefpubct8he,0
2iqthvtx33lclgha,0
mofzfymphyw4adh9,0
yk3v674kdi0hzn9z,0
h5o0v0zlc21428z9,0
c0pduidqmksgenp7,0
ozycvh87x0bqs61a,0
vvtw0zqyvy83zmr6,0
f3du68m43dpjndot,0
6who1jqrwz01mlwq,0
x02xteko5g1uu99s,0
ijojoxatp01tklye,1
o8ert77apx0vc8ys,0
7143mnhwzdiafd38,0
8n5cd1lhv61aiqp0,0
c6byddvlnlicrdnn,0
xcqu4cjbfyt4sesg,1
x9q4c23uotl10r0g,0
fvwmvx5abn9t5otv,0
b8b0bmh1gelazg17,0
h4df29xrjh29yvqi,0
m9zw2021lpwbu231,0
xs5fzhndjzelg2lm,0
zntgyto5wunqi8ay,0
0tk7da7c0n9afnhv,0
ns861kh7dwzudqod,0
p1hs9oialvvyhj2c,0
jybwlxlxnka0s729,0
v1q4ic1iqevb6hs4,0
womma4ay54gpr3xg,0
mltjyl2visdudpom,0
xgu5abvnasfx4uqk,0
gcamgonldfcmu720,0
ice79nc9kok5xfno,0
x9arux0pag7mb1h6,0
9qti43q3d961i6km,0
yxagjb2fqv5iy7o9,0
exl57qicj4qgp4nv,0
qp0fuvkc93os9q5d,0
u3ailtx5bdrql9bc,0
6re2t9oblqkhb46w,0
xlzv7l64xe6ne85p,0
1l413vu5cwphfrj5,0
bztedqjfgb02p2q8,0
oansmfn6q1q2ml9t,0
d32q7pgmww0i0ihi,0
f5gqhbggcghdwi29,0
2ry397iusifgj6ea,0
hiipsbmd5nd52vvh,0
dx8ay9o3vyvprbtm,0
z4ypupuk7vz8u4g7,1
adkahgfyv8aponpl,0
quu3tkliwhqdlad7,0
s4sbty9zk0wolswu,0
ynqmofeb1kt1g6yr,0
4p2bhvrl0moctygz,0
3hnoqh8z51u79sis,1
4pfu8mb886zqf010,0
cks923dhe5q4t68x,0
r9uxhvmvkw9lscs3,0
p6iwr8lfese80eel,0
xibdmu6eioxbnpu6,0
u52th9fdf29eb1oi,0
ayzgamwdoilb60rm,0
z58p2ioiwdfks2pj,0
nfh66ysqs2fwirph,0
q7o03i9vrij1q35q,0
u7vjgv8pi8lq2g3v,0
fbyvk6ssgtxdmdni,0
mtliotz9kxzqjq5t,0
xn5j1jglmzz1bpn3,0
f33u6olch0hrpck5,0
nyaqxgct1jwhz7c4,0
2z4impp79woptah1,0
qrlcfijg012h1hxb,0
1xuqg7rzwmf55av7,0
jf38ph3vsrijoorq,0
6dloufokzouzbrds,0
vd6dwzsyoil25ie5,0
50pq7z7k4ct0z05i,0
yh46lshgx09i9cwu,0
pmzlzis4yrlybb8a,0
kx95zdg9p92r9z5h,0
pxhdi7hda4gawglu,0
aa76ub4n2m7hwuvb,0
3qjlj10y4t8xbsa9,1
4np94m9osekhp9i1,0
ydrx2edkv5l27qeq,0
kzujo2wap5cqx8cn,1
vlzaxvnr3mc3rzbz,0
7rz4o9mr2at328ui,0
bx0ijpu5aqqwlkck,0
zrl6wtyd01w14b5s,0
4rbt86dsx9967m13,0
ay1w74trrfgduy4j,0
h2pgdszsgcsxrrre,0
iq5zg2mhzfuhnjr4,0
8wrcm23jwph3wae7,0
9a26yeyr384sii8t,0
d2s2b152vnzsc4yc,0
fsg2bebh0f7m2ql9,0
x2e7hk5l56yxrae9,0
iztr8s0p0qrd9brt,0
vqbi2lhg58q7sida,0
l1nfdpgj65894wdz,0
znj5tcm652r6cc5q,1
fadvruwxcf0n5ma9,0
sun26eospdth2itw,0
hzmovgljuuhbpjqv,0
izm82qg6g1dba5kw,0
xfh3peh5kczmb6su,0
wm00dxap46br7cdd,0
u9aqcrhurquz5wdh,1
qwy082v3vs1ix50g,0
uiogn66gag6kh1oa,0
swf5c0ylqbw8thwm,0
bov7qwk4593s554p,0
ckzo2ckp4ls81e2y,0
g8wbodilgzbo0hh8,0
1vvkxs7g6gkpksip,0
gvn8up2nui1bggrt,0
tleqcumgy9pz1zj5,0
1pzl8u14cem1evsm,0
xsep48qjk1cizp4t,0
5mvnaw3jbw8s9nlo,0
zhrp6nka139ofzee,0
lghmuy11ctcqhglx,0
jvwutsalfon2kgxp,0
xg8gqatc6bljf704,0
gat2u6vf821cfkk7,0
3qck0i6qxumeorvd,0
uuqvv3l4tiwhupw2,0
sbk9hvsbyfobpy4x,0
km5b9jb7taksxxk3,0
ijdcxc8ocbkf5mf4,1
vpws0qyts7xhwgkr,0
ww6k9kys96geabym,0
gsntke1picx75jk6,0
6wecpso6692fnuni,0
tuk8zdqg4w0fqxw6,0
mujgcqiny1fm2yrw,0
fmz79g5x9ngsb97r,0
3cl5p5e8wdvfftwc,0
247s1fvydb1xh1m7,0
yn49ej3wtkk3ucu0,0
r9blvxy8zswoyhtj,0
4thtxvl22nz5drw7,0
xertccknhi6clirf,0
3aru3hkuyfqf1sgi,0
ne6337qv2wwztcn9,0
6kxvyryjyd8o15pw,0
2egfgvylxve51r9o,0
sd8gand43bunys9j,0
pr4kfkvs0v14yz37,0
akh3nx74p86zstee,0
ouf6eu7lywxq43vh,0
1t9ig0zmwru93sdf,0
vtymm6ueyguq6xmn,0
kyr4bk9m4ea0nhae,0
jbf3gbhavn9slvfs,1
u16uz1fhul5mxhiz,0
8fcrsh23dhp1ybf4,0
i8ss3461zutjneiy,0
s96z8p60eaqor4pr,0
9cvpqo76qwatlz1u,0
9uarz6hshq84cqpq,0
0p1vesamh63xw0eu,0
5ut43me8v8bkt22l,0
czjqeapw9y3vz6qz,0
u5m4mkgdh4pqcx3x,0
vvhgmeupz32qb1m2,1
vm8knea6wx304pnx,0
k39huqx11jf6ekx4,0
spks2i31mwinjh4c,0
al9gsrqxdqp9m5ll,0
g34kn4cu5bj8vg4w,0
2ep0av3v2swpdwo0,0
w3le6wh7z5omfn8i,0
b4e908lg7f104k3q,0
h85r44mq843j1v8p,0
yi72wdgmlv9akzgt,1
f8z3hjj0vbib0rsm,0
bbjfcwdly10zzvkg,0
dwnpvpcshiz5sz80,0
h7l1edn0j23nxhqv,0
7n02sw8puhy2bj2v,0
9acz358ln97xoppg,0
2rnq5v703ctgitdz,0
yccvx1d9acald2r2,0
wwyfca4b69kms3dn,0
kbe48ufpyfiiw1qz,0
6s3chirxoai8p3tu,0
u8q7lkkcoxfnreqe,0
y3v5jjm8m4dsksp5,0
a4o8tz2ek7lv2e0k,0
4jz6idtkp7zuqip4,1
zfs45gdqept8dtrv,0
1ndjfstqlfuoza7d,0
ymehr0qm39mnioc5,0
n9eq80bwgqugm9h1,0
7e32lzyac5bll818,0
pos537fz9a59mbnq,0
bdze10wk9uvb7vgs,1
1gl5vmcmt9hilcf0,0
8lu8kieagqx07c23,0
dfr65bw3y54o32iq,0
058ug5b5ik697rpe,0
miy2ja3i47vlr8ln,0
8t1dur1aggb5hgtm,0
h8d2xme37ke4qd0l,0
tj0cb1mf8lw0wgnj,0
aq7ytyd5n6kobfif,1
nqqijsjntuhm6oh9,0
ns6vhv6igb397pb0,0
bwx6zl72o7vk0afh,1
1q315u6fisqj2qfd,1
c76h9ilukji26uoz,0
qlmivknz82d61ja5,0
aypddyov6jg5wclx,0
2wymn4s0vjwnzjb4,0
r4kmt8ujgwgk6dv9,0
lnf7ehqppscv3gld,0
0jzqb1tu7z91nyle,0
y9g9rzj868gyo7s9,0
04j36qqaolluxegj,0
wzlqyzsd9eq8szcu,1
86b5gkzvqxx6tr0q,0
u24s2nxc5kh7scry,0
ef31785ry9pl6rw1,1
b5dkg18v5xbksg4g,1
ke21x5tyr0tg1wt7,0
j6dlw58z1d6y6zow,0
jzkvjwsn5og16ax9,0
ae7ftgzueceu40li,0
yc8c6oiz67ov9mp2,0
cci75lfo31h7nzhf,0
ljd6z9pgolcqag8q,1
65tivxnt3xhifxkm,0
0lmasqjzpzer3ldk,0
c9d8qaxd20sn2xbu,0
c9u10b1hywutod1i,0
0nn9gwx2tunqzlye,0
9paljpxa8m7hcghs,0
ytkycj2dflz5udt5,1
jimdk7hg4scd19fh,1
aw2t67nohqwlyezx,1
2gy6ebdykfstiteh,0
z9mxzm63ttiu7y5q,0
qer36o891q048akj,0
lxgdwcl5f8r9ywvi,0
djwvr4r3r5obzlnh,0
9l5yaqj5dks456bw,0
zhqc0kds7cm66zv6,0
v5xyw9ke1qaxldvn,0
jyjr6430jl30wd39,0
hiqbunya20q5xb54,0
e1q8fzg7myfv3v6h,0
q1tkfgw6l5jlxp5c,0
ifbw7336wi7k0wkv,0
dkpxp03yekflvf0v,0
2x2nfxo22q902qdn,0
z7nn67q9z6fhrgjz,0
h1wzxnozx0u6eypd,0
t8qm42hhcwe62eql,0
7jn1n75klnoh1url,0
5er3bif5pfkgj0x8,1
8u7k6z0j3io9y5a3,0
9hek6fbu7qaq3cwb,0
wj5hgzujc4rx7xaq,0
rctgsg3f9wc3ldxe,0
m0zox8fbssmgro41,1
8ktajjxfiwe8mh6g,1
xn6b34y1jihual8q,0
2s47366jmmccdn1g,0
cju4jvvf05x1cn4g,1
tqlbpt1hlschkca1,1
gzsv6192k10pkjlj,0
if2eo70el0yevdeo,0
p288nzik2n1sdltx,0
cq2ogogo8ek3zya7,0
bs22fh0y6vp4w01p,0
bksaly868uhuj21a,0
qnvc32qmnbfag25n,0
0p59iorrp2aiq389,0
fxqba8xrq7y20aa7,0
hpbksjp5wa1in7vp,0
27mfki9mgr9pctx0,1
nuai1mhv8gvrfx23,1
ecfi451hxafa6wks,0
zteu4lmsoefl3q7r,0
a5ep02bk2xiyj11s,1
dq3xpnyt5614crh8,0
e5ngce4gzu5q4cg5,0
7csizael5zp8v8ne,0
q1afct1taf7f3swf,1
xbi48owqz26mglgi,0
cxju1is8kxfesu0o,0
0fs67fxwcsx8d4p1,0
2paleb4c50w0usod,1
q3qh5rlrosxq12hu,0
fzw2fl5z5672h0hu,0
w1su39cqid3gfz2x,1
yx2hcbcldr98a98n,0
5ogcxxhi14sup2l7,0
759yyld8w215g15f,0
vn91rz6tf8kzdy1b,0
16tl8etl7dlncda6,0
dkrp54404wrvniki,1
ujv6z8se4hzxuq3l,0
9jn26we80fec0j1v,0
m4ltmqm6boh8x3uu,0
2m74bvqwwufqjxus,0
26ytc16udlmv4yzq,0
8n6hj3mwrri9v4fq,0
tel1es2b37xcnk2t,0
ktaybonhznfz5a03,0
sduafviqb4i7iw9n,0
gggrp5sctcw70493,0
0aercgibvifppq9b,0
4646wbo4tomnge1o,0
71bw7be0w1v8baic,0
a4433oq9nhn8ossz,0
ex7juf4vl7e4fddd,0
wltuqcfx27a7ql54,0
kzts8x02d6mq4xp4,1
z5g6v7s0tkmybt5s,0
418autn9rpgb2nwd,0
yz5kamp638d7d1z0,0
cxtvkz81ykiom7f3,0
4mw3ph5b0lydya8j,0
etgm78skw9m5vb3h,0
mejxs528hdsu7x0t,0
kb640111oz9fm519,0
o9t6n8tl32f7ko71,0
xjo3rja8yub6on17,0
k6gqp1dnngvh0h3g,0
h8kiur9opw1yazdm,0
auf5fhubl4p94fnb,0
xjj9pu0t82dcll8a,0
87bebaib9iw7ec14,0
mnyozqwlt660fac7,0
qd430ouekl07bos4,0
htvxwaaa2knxkqvc,0
6ykdlxp546lk9068,0
ae2mpf448lxoxpuo,0
wnrx0nxk30s90d0o,0
jjcxxs2fml8jov67,0
k1p8o8zr95x0z96r,0
ec3sbr1reipnyhed,0
rboj90iw6g8b4j9w,0
6t3dneo94jc0urxp,1
vngh8b68ymtk9mu5,1
4fvh32c7qoa4zevv,0
uuwlafq6zmpqr931,0
kyh5erp8vx4rluff,0
jwyx8e6hswtjpsgp,0
ifn48eeg6l09r0sl,0
kzjs594o1ab7g7uo,0
34rrobezkfmnwcqr,0
h2ashz354jv2h84f,0
ws744855vlx0cv64,1
mbj1edftrndd5r3h,0
1q1veu91av3ykjyq,0
7yxfj6t0sv3pogqm,0
o9m49sfex7jyjppa,0
0gvcjy2isco4j7ok,0
47mjjt2s6caq73lh,0
nqt8umlbvk29l9ue,0
4kyf8xk97xb7g6us,1
fkxk97apepqpt93b,0
g9cijcqvh23vjf31,0
9fj9gn7k39tjq6oc,0
bxa4scibd7eq5655,0
24mimitlvhgwdwz4,0
xmmksd3e95rfrhet,1
t1632hk08o8zcm52,0
4lz4mwjx5xtf9lof,1
5aq6tnjgiyjlb9yu,1
5gorwi7fu1xghq5g,0
offjes4v6pqblo29,0
g3yx2p6d2ohcct2u,0
yqx75u0g5j7vrrph,0
h7y0ad1its5mcv1v,0
qvdedrrpcgpgsxti,0
0o9mfmd1vv7zvsoj,0
ea3gkxy1xpbc224a,0
a89qpeecdoo04xvw,0
01n6kaf06ljw4n6g,1
4itqcczjcat1kv40,0
ewh15m8at3pn9lm4,0
071se4ohab1ccbcx,0
8g61anri687mhua0,0
mvoi44v6ywtz0buj,1
oy4qtfp0cgt3g6u8,1
tkjp3qvcv5l18i2m,0
wgrhm47x9bwo2sre,0
ljyflwlhd96yoak0,0
yetlkjmr2xxpncds,0
4889rcz3foghvcjq,0
0apsoruxc1rpqtc6,0
qe1rnw96r7lad7wp,0
qvifb0werh7fm5es,0
glgcqyfnszjlrnci,0
tf1yewgw4ri155ec,0
ah4heqm5l6116xiq,0
jognnqe36w6ukxry,0
reyud07ll9n5bu9v,1
1cscb68s9edg2w93,0
k30nmt6eytgwtpdm,0
d715rb7dtfadz2ou,0
zoo7jbrjzpucwtt3,0
wses0stdlk8t70js,0
d360zlrrho6a5ym3,0
cqxm4kqei56qyfd8,0
sr5wwlpxk0ogwo1q,0
nxq3tum0xsfeckqs,0
jy00pakey3imkoci,0
4j03i9rj6555skw3,0
yhx2bo1mipwavrhx,0
vwwyhr3gorvjprsi,0
lpkcqnwz3gr5x4o6,0
ln0tcvhp8ul9sb7f,0
40faq676erk0byab,0
0n6hipsno5w40gja,0
o7bpx1o2rwc6leh7,0
rt1xgpoh29vwekhq,0
io7htkqf5wo50v0x,0
3dfhrlh9tqacrxhl,0
euzeqrqk35ct5eg0,0
0i4i3ae3jv7appu6,0
zu078o3bvjr0lr15,0
6behjgum98klz2lq,0
l77n5ojnbqy9k5l7,0
thqk0arfg1clo20r,0
q363sbpyy6cfix02,0
h1k28w3sewivdl3x,0
4jfplevy6q84xhhc,0
a4edrfg8rik3djk9,0
5zj3p9sm5rswy0dl,1
k48we7nh6kovtcas,0
bi3gkhdc0vsyp8ma,0
03utcp8eumdiwbuq,0
f8rbfgn3demb7h48,0
xsd7iqqw8qhu40ck,0
zgsrup0bvne9lmal,0
4p2ltsko1zznq1ww,0
q539yaatbfici0jy,0
0b2vw8jh410gjztn,1
54qiw89ioda5mikm,0
6t0qfscufqt1j7tu,0
va8vdjcy6omctt07,0
pewmvfwc2t3n3d64,1
z6lnmlglkc5vcoop,1
fvpte3blqq2rdyl1,0
8r3v17urs9bh4u12,0
1evee6tgzpa0yhad,0
v35z84k1v9w2miah,0
uxvjsispi9rl0yme,1
5oqkt7eyct37eadf,0
xwv8s8gwvzjw3csl,1
08fufru5kev4kyjq,0
2h5u7ckp2l5p7afq,0
bqbn1l7loi72o5u1,0
3nc30ipdcen89obb,0
taxkzd5p3yvyfdnz,0
5kstxgrocta0948i,0
jtmhtnkl603o5fkg,0
5irwyze57xttpu3l,0
cymk59phbmcm5oxd,0
hf0aig7ir6ixh2q6,0
8m4vh2vlm351rlpy,0
64r9yswq64eg9gbm,0
r8culycee3ws99t3,0
s5day4cgk1tva5f4,0
g9ktb5ssfivp8vvf,1
0umw63hx59lbkb2t,0
wsxp7pvg9glnqfty,0
257b82hjwxx1xlrn,0
abbaxytpo2fu9kc2,0
m4hla776n6tl7zv9,0
pe1izkhi1t7ib4ba,0
pgtt19kzohccswkc,0
onh2hmq2nnc5q8v3,0
lc75lhb02ihyzo64,1
cw0pt7z3h4862b6l,0
vmfw0dzljr4i6eqn,0
7sbhqrj2en0vdlpw,0
jp5i62p9smxbacai,0
4pjmc3c08sninb6g,0
r9kyqkxyvs9yp8il,0
jc9t3cfzeiucs92s,0
6uag2t8cmuf2oq8b,0
rgrmmvs53abo09sn,0
gltebh8m1tdmt4wi,0
n2n9ffgtqzypbmt0,0
rq5acmwlfji3vh57,1
56ubsz70umhqtfyn,0
345ovoey1rxm9ucx,0
2sllp3ikbhnzxrpr,0
czomwnezq6vue9wu,0
4kldxcw6798vzd02,0
rzrk8tbd3fpegxe7,0
zsrz1exhselwswsz,0
zvfi77utjn9nk7p4,0
9v86m61n5zqby9g1,0
453om2umt5vuil2v,0
l5ca2hz0t3ffyyuh,0
p93v0k74qnbvmafv,0
ap9532tsw01f7laq,0
5jlrj0xnvxf2giy1,0
4exfxim4f01ftlcz,0
8wa4et7jlujk5b9e,0
t3m7b6hr17lm2jsn,0
45x64v70czkq4l3s,0
bo23x8fmgq0jr7o0,0
trzw5qowxmw5qfq2,0
xlpdv4r88ai8yb2t,0
6idx0l9jz37447cd,0
ralr79y5rb9p5zhl,0
61fkolxvmamctzg3,0
7jdpohhix16xfumh,0
ivf2785vijlax01h,0
ldl35fvhf8la35ju,0
w93yjacloiod0vsm,0
hpvc9jqk6msrl6bs,0
yxgknyel8x3sn19f,0
ggeuw0kdh2yhweb3,0
wj250fzjv2h91zxs,0
9oslpi6ikadqhtdh,0
nvr0ocjvx3lsez2k,0
q7qtd4q9d9rnar8b,0
mc6bey4zcdopjbsm,0
222eqdrp8c94nof1,1
nl1r32bzolfqt3fw,0
3im5kcmqlj1i741z,0
z1w1oneb74itw6e4,0
cx0cxevhz3i9jvm6,0
91lv6j3hkwqv9b1r,0
bepflyuikxp1mdl6,0
4pxirfzoebxnp0oe,1
rer7plr7eo8dotr4,0
7nwq124iksnzuuwl,0
u17wgmv8510q8ixg,0
jtk3rx4r6kc1chhs,0
nmw9z34bp6czcm2q,1
kw8j9omhc8qg41ai,0
feawf77hxn47djf4,1
dbgl0pkrnn0z99kn,0
4wj7dyegdo5x1n98,0
vcw4nvv51euto1cn,0
e9tymxglo3zcwf04,0
kp2omfw0m842pi8o,1
owvywfiutzsnjosv,0
j716tgh51exnevwl,1
0kcxfkt7sfx07q6f,0
p5tkp45wfykw0tbq,0
s9jmk9o6lkn6cjhn,0
p561udpqb6vmq60k,0
8tt92264ulur4tcs,0
0p11ryiqf24y80rs,0
4idlydzpk0egwtki,0
rbb7a8xkhuhv9sbp,0
x48s5er8lnxhmwfs,1
iv9le4mij9zh3qdx,0
oqc0x00qonf9mvmp,0
v8tgb9pzwd5422j4,0
osde8tsmw2yh3mbw,0
6qssp261gdm75ocz,0
ha69rllizxv3jq1l,0
e6rgj72kj1tcyam7,0
7xpjb84y0imxnog1,0
i2pm0rdj4apgdd5f,0
uqiy9m5ud4b3khv7,0
2lxt60filkkvx827,0
7i19febfueic5eol,0
77o720hv9ex9a29b,1
yzex7xt63u9iqdwq,0
vi2aivk7r8m2x2zy,0
bu3ruzh3lf74p336,0
odo9uq1gjbtvcz16,0
gf8tfde326re99vb,0
hie2gc0ifycs6uon,1
1mkj0ovq64cspd4f,1
ohom7yj47uyidpco,0
heztyebm1c6cr8xv,0
cskpwgozbd8k88t8,1
ik39sduey5ei8sl3,0
jrur9cks1mozcwad,0
r90uljzx0g0gzfgg,0
6gch8sdc5gnd0ade,0
ffq8qvvh030xtvod,0
a4fpzodxjcu8938r,0
8f3d7zhgoejyj514,0
3igcyz7tsqddpmc4,1
72cwyac2xbaolzyk,0
4jokn1zmn4u5l600,1
qbxmo03lemg0m2n6,0
93am7jyfsbzn2ojn,0
58a9152ockymtf6o,0
xsgtfasxw6xwe9q1,0
5v1f1ozlev43k3bt,0
n7fg47c4gcoyxsh0,0
4p7jq01giqqb3jmu,1
3g0uo3c8lxxuve66,0
cuedbnkyveis63d1,0
vewzwrd6mba8v7cq,0
gxqucie6jfbqucz3,0
8o6ngix3ew7v131w,0
zsdbatoeeg357mst,0
vxjs5mryvq8eqvm1,0
orzkk87rsdcmlbye,0
vb9fham5t3apwih2,0
ajsf4otg4knv9gcl,0
622r47gamear1gud,0
dpgelsytvs20gkpj,0
d74av72872zfwp6h,0
6uvcvvnwros2vanu,0
mw2u8xk2scd6ksrq,0
znosp7adg332d62s,0
9dk8ex52y9ynmnej,0
2owzgela1ngfwg2j,1
cne6sqnkgyiwzhz8,0
ddb5l16del7l0b1v,0
dm1af80zz0zwzwb8,0
91q8unmsvsuma5xc,0
lnr2grp9o2yzb5ws,0
xz3gb2w4qi44z2hc,0
wgbkjn2wycdap3zp,0
oudwrz9y5pv1jpd6,0
age1whbr6z382ewg,0
88el0f9zduohmw2h,0
noiq7t16dxdw0v67,0
tjssx1vdu1ae5eum,0
1566yxh1r25b0iib,0
ii0luaustouv77vt,0
4e1ueno00jri6is2,0
1netu0fg1zmvdyqx,0
3ozr09i7gmkk138q,0
5vtty3sauivrl43z,0
lucjnmutgupw644t,0
x8erxmgj0u0r7dpy,0
173lrr0t9fasxaun,0
gx72e19aw8evdg6o,0
2wd9uakteyi6bmvv,0
qs5jnmx1c7ollrlm,0
ztgy6wvc8psqefxn,0
cmknszjwjp0jkyzf,0
h4yw4j91ga0hlkfc,0
7853sq67xwot5vkf,0
k2vfb9bldbkdl70v,0
n8vc1tjkbaicygb6,0
pm8a7r2e0liafmrp,1
9cmubpx6nltb0xtu,0
1us37hkjuhm5p8om,0
4dk80ta9tplc08i2,0
fs9mim5am7y0jzr6,1
b0bv2raj0bm1ty5n,0
me9sngb4mpgng4eo,0
ozjwyjesxvzj6k12,0
evq430bw6ssahoxc,0
r448kg14n96xqiq8,0
gxlikaswpbhpz97p,0
3bhh8qfdzq60i6qr,0
2yigtw3e8mpmhgya,0
hxt9wayt06l9hfq5,0
ve9beyg0rai41h4g,0
hdbwspwoaqx1m9rv,0
o66q4ngqq7zsuhgb,0
df9invz7yh31hqez,0
c2pj6ovh5othwz9o,0
42n862k255jaxvs0,0
v0pfqe1y3n3tcuyk,0
2rntvxzvq8k6ui2o,0
38rk6al7ccbn47uu,0
qv4gka6ntc07xsr1,1
76cj2356jg3955td,0
ihoqvebocvr7h7oz,1
faavidgqm4mt4fnj,0
wnxy8abencntadep,0
afyz00msqsadc5ao,0
yef4ek0pwh0vb0fk,0
1z3zzpn8tx6swlu8,0
e8a2tulg1sd7vi27,0
jmsbvoy84g5y28hh,0
0m12dauwtyiiijas,0
fxrxa2kq58ejzu2y,0
zyveb4m577j4gdf4,0
jkg8gre6dqav5f6i,1
9r367og1gcdrvwpw,0
3c4ruvlmi3m7okyr,0
8oiwld0o6k3oj3gk,1
qyysxb2t0sw5a8fy,0
qkjnfleal34bflh7,0
lrg3whc7s4wcp096,0
lakwyjyp42sqcgsg,0
4uhissaaj33y6b5r,0
9cew671kq9shgu8w,1
jspmapzjfi54ww3m,0
uqec7e5fa477nyt6,0
t3gtp4ruzo24usof,0
c3mlihu50m205tej,0
oz8wc3z42hnlsluk,0
f8b6s3tjodvkv55u,0
wb4gx157kmaqbkts,1
6fslpt3oaqw0dic0,0
rkuunvg8jm6px4jx,0
tq07sn4dzbpt4rpo,0
0c0rd3p8eb8qbfyn,1
4a3fxnjxe7nxp1ot,0
vk7ut2qbhmdh3m7e,0
dunl9r6mk3c15oy5,0
73rqhsx225c36xgc,1
jekjtr2smqfzkghb,0
akjmscvx8scyqg5q,0
e6c60uqn8nsnfc1w,0
v0hka4vhoyo6s6ib,1
lon2l6m1z79q0v85,0
dsutp5th4ti1j827,0
kdi333fftifgqzk1,0
h1ze22g3mox567mg,0
katw89o1nmaattq3,0
torsecgy3k44y8lu,0
jga9137n26afwttz,0
aywdwaxk360a7yvn,0
ipmso7f37ad4k5o5,0
vgjxvxrep4qvvdif,0
v7kgxiv5xmuubvkz,0
1bo5vt1qzykk2vyq,0
7givcjrm4dg7blhd,0
6gu44dkmwgwlig8i,0
chbxx416jj0y1bee,0
lejagrwayxnfq4jc,0
9ekw6rg9a8x0ky7h,0
40faju36h735zi1b,0
33bi7sv1wo4iyo34,1
hnlfu7a0fl7lcbha,0
x8fnfh3gabgje503,0
ela1xigrj23gp8j4,0
9n9ml8mu2oou3776,0
dt33e7is0kzs81w3,1
sj2ery92l0ms1elo,0
2emn7d9y4y3tq1k7,0
2xlryxai42qfoqp7,0
y3bxztam7zeybwz7,0
tr6fzaurkn4p45zu,0
7lma8y0wcvi4yehd,0
1hjhn9lx484dt3ir,0
n5uvztupn5ueafgs,0
ln3sznfxft924aof,0
i2qilglmiq4ooux1,0
qbaww7qg3h7zddvt,0
n4d60hzvulp6r463,0
x5quazehr6k68i4b,0
4kcq6lp1vy9lbrbs,0
vxpbu4y89ozzhavd,0
mc4hdte4lgndwzc9,0
njdl3o20sua3xjn2,0
q5r0nhlmd52n3kbi,0
0fkvskytafws495n,0
osu7lav3b4pbrmpu,0
izubliqk06ijqw8y,0
ldcruvokipv75o0x,0
m9wfhza3bfex9ree,1
hfj4t8ip1j2tcezn,0
b8alkzhuuwwdpdm1,0
d6x5r4qovyyy97vr,0
u6jyzprj48a72xdf,0
yzmviwhoq2oxcdst,0
3mo9fyfhk1yqop6h,0
qi56le06be86i22c,0
y75q8g8ke61ledxg,0
523hgr6ei16ftcmt,0
s68d32xxxb2abg13,0
rdjcv54juohvpka6,0
jql3x4i3onv98110,0
hgfqzigzzr2z7s4t,1
mrljexm7vbdxrjm1,0
bolu8urjbvnly4zj,0
od2xjptuta3nr204,0
qogxdwils5i0wsym,0
frctkls5jf8faj88,0
r6zq14xdby3sf1ks,0
kh9sld7czjn7i6wt,0
vqa1p3rk4mxja2m3,0
uene8bpwhb02ejek,0
wd0svxzaxvewy0si,0
korduyjmfvmwlxbx,0
3tts7xox4fdm58ey,0
tkeuars0kuq2irxp,0
u9drn4ehdge99fok,0
e0ey179165n97pz4,0
afwiozesijp6ouf3,0
5mwsntnbvfl56rsr,0
0k1tiqc5urjaewgb,0
xrkdksy02jwgtq9t,0
ttk76rswbcivuqv0,0
r3xawuxyqnbvkl1b,0
4cnukfzedpq9ovjf,0
cxhm0s977r7gk2oc,0
mfuzuqmv4y1r4ug0,0
apzkeh5gwim4hucj,1
89bemccc2r200jan,0
go2ks1f6f0nhy0z1,1
6yqo1swh6z2u0w01,0
tlz2sp8ke6dlb34m,0
v28zscqjzte3i7yv,0
m9owbawte8lq3fz7,0
jxrl0evrag0lb9bf,0
i746r5ampcjo4p9z,0
063la498jrjyiid8,0
1pufkoi4vmzrbicd,0
wp7rx92f4buan3wu,0
vjlgfsj32s6pc1m1,1
t8bxi56uwfsee38r,0
7m2zq87xyboloxez,0
z6u87vkyx8d4akls,0
7i3vbrspvbo7p3lj,0
2t6zzq4kb05bnwtx,0
1qyw5ovom0g4ja1y,0
rxnaa55y9zlk3rwh,0
lmi9nr31p6z9bjay,0
3rurv8wcmuguesti,0
63jwvn0d3yu6v3ar,0
3ekugfwp75gmogg9,0
pzz7qaqaefblfjiy,0
9et2i32xbljt3frf,0
828pck0n9g4cj2d3,0
y4dee6fbzn95zajb,0
j2uwlfk3uhne92c8,0
1md2ng3lr1jmibkz,0
nqpz9fexoobhy8ef,0
oz1pcfrlymk4b1a0,0
82cp4t5z7kqtvzkr,0
r2zu8y0z1q7crpj0,0
nsqb2cayq4vaj0gj,0
d3x3k0cmjp1le1tu,0
edpp62msndm4po2g,0
l615miqj421vr6hi,0
c1v0wa2z8kqc12g7,0
onzaqi76y4439crs,0
vu4650lg9dflhnhv,0
wlq7cv2vqd2kljch,0
yxlwkhmj9o4qkseb,0
177qp0ojxeashgsz,0
u3xv40dronufr03h,0
x678w0kqiea8tlx7,0
hx3m4mwklremkp8g,0
8kyektthhldmg85n,0
b54da10qncfqm2z7,0
x0dujb33axcdv9ff,0
ophcadk4s7evjq44,0
6wyw9rm8yrezbuoj,0
05hgn1ard90eb7id,0
bp2j508k96clsdpa,0
nf9lno6r0vhscyru,0
vfo0srdu6byauom6,0
8103mvvzrg9g32qc,0
tbse8x5qrq87zmrh,1
hdj9p16lg190u3wy,0
m903tsytlq2ay81t,0
yey138z2bbiug9pm,0
j58qhset4exulzty,0
ec0mhf6onqqphbe1,0
b6iaayxfk682mc4p,0
usaurwqy743t3eeb,0
x8cj747j3bkshb6y,0
xsysxin6scjs6jbb,0
r05b7pnf6df10ch3,0
x46jwltyns3to64a,0
h4jraux5kdg3hwi6,0
s32sy9yh3alh1pca,1
bxvq8iwvl2jm01zr,1
0jragsuwmmdkwgwo,0
o73xenwb5zxvjj7n,1
v30d303shw94802z,0
11gbn1xyjy299p9q,0
knmiz9tq8ej5thtj,0
hp3rel60ptfw23c5,0
8jkpkeucc52izg09,0
vcsxx7r7atz9krgd,0
widrevmpnnqxdc40,0
9zqa7vao0czr07zb,0
9j0h13cca802zp1e,1
ddm15hqu45y7gov1,0
9izok1zwr6dhsoxb,0
b3xffyt4856gzw16,1
53aaq2h322oxorhd,0
3z2mxdoz8nhqbadv,0
thu7k18sgcp8lo0z,0
n8m6l60y81ct6am9,0
9db940no3okafaag,0
315urjskdrn9fve1,0
mdvc9gu9wz2ll9d5,0
s0upn56tpo2v431j,0
xi5ricky90ssmudy,0
fhueochlb66edtao,0
mczudxdupdnvm4lh,0
wlzodpzo1s192yo3,0
twia5ilwwsu4efpj,0
e8qh8f3u5zrfns5s,0
taso4g8778gwz94o,0
9eu4855k83ppuag3,0
gviei8lxi05zrjyv,0
blci8w1rqhtoit6b,0
47nzbpsnn15iv0g0,0
m2q5oi47zt9vacy3,0
ogn1yi8f6jmnefnp,0
nfahe6cfnmdedd7q,0
lrgtdpszt67qlkwp,0
ixvug74yg6ali5yp,0
c1xpq64ad6bipfrm,0
4zgg6kj0rt4knn5t,0
q432af1zpb48svz2,0
y4tjdz0125t8i2qu,1
96qhogzeesv4cd9a,0
muzyc43p6mpz51ae,1
4rhnwr8dvsubolpm,0
dsfsxp4rge1eifyp,1
idzrytqr2krh2xvs,0
d2bdyogjmih5poak,0
lw2pndbsr1cu75a4,0
9h67tsee1omhjlgg,0
iwchyixf3ydf4n8k,0
ogil24tvrmul27el,0
fxydgic402qcdngp,0
84hd9s8l66504o40,0
c4zrq29r9sbr7tfe,0
732ls0zg0fe61c0m,0
0vjobh2di0y0rk4l,1
r8xykwhlgl28z3oy,0
28qif2v9glpxtquy,0
7a9n8y3gy563kdg0,0
pepq0y2wd2damx53,0
1r0f53dv323bbwgs,0
l9kszohi9ssn3c7p,0
bpruvd5v83x4aefo,0
o19t6gzgwxowq5m3,0
sbzsvzni45l9gyeg,0
gb5h0vwqj543iz74,0
wqyh481oioezppba,0
oy7qn0g1m4xjggdw,0
se6s1imr8zp6ani8,0
s5zkhoq3njzf2hix,0
1hxglcl6awsg6d0g,0
y5jptjbo528v7tgt,0
7s1416jwp8rgf1sl,0
4lczf7m131h3iftc,0
v6fxk9fcxnysmwmk,0
6np1aeunw5kic4wy,0
az6fxemczpkiz2mx,0
7q18h1sd2xcr00w8,0
t4agodoldv1e10zh,0
ei47z6fn9tsmf878,0
m32l3wz36s78holr,0
j170iagabah1gzbp,0
s3sh2m2xk9kuuj4d,0
rssokobes12pa443,0
8a3ntoi4k6j80atv,1
3zvdmnn172bu6n0u,0
bo09bh2j8lx4aygi,0
t5ronkja4940hxln,0
h1bcvmip1bevbs9n,0
92tak1ik9zfykd1z,0
uie4pcc67ld9skbq,0
u567lsw5uta2vyho,0
0pcu2omabjqknw0q,0
x6tz6xktb0ae41kx,0
0q426y4jpxtzuy3p,0
zkse7dp93hm83rqt,0
uhwg7sq7bed1ifsk,0
is4fujz1cm5u1h9a,0
ezazcw6onoe12xwz,0
lyu3vq0o651ft8cs,0
xofkweftrg5c8xxt,0
imulc7agumpkr7wf,0
kq50d9sgyw8oiyvw,0
mh3llg0i2fi60y0g,0
rd2pdvxrsq69wzhv,0
6bpmczt17kydl8kz,0
ak8h9m3nb873d6hc,0
3a6npn9f0ehfr9r4,0
9fvxwdudth7b7sbw,1
mvouq8jlkxgu7ixt,0
qudwqzjp90tg3t0d,0
wylu7ug4n5vnthop,0
lm2xamqlj8x4xl15,0
v3yo94q5zi0edsvg,0
xekha7plfozpdda9,1
oduhqxacrcdytbgg,1
e9xxa527fazouaz5,0
9ic5u1gr95ysdnaw,0
n8zrp9qv7e3gqx5v,0
joiqn3bxzmp0akuh,0
h69w84n23y80t0xt,1
6mw6x1hrw3laucgi,0
rwfzi8n9nu0v6m4m,0
peslngw4xtv98gqd,1
10jtlxfr697qf6bl,0
alk49xudktcycv05,0
1w1nslntu1om49of,0
7amw7pkc2a6mk7sb,0
iu0exrrpb2f8q88f,0
asjtgqn3f517kwfu,0
yrguhz5b797svo3o,1
dfr8uhfnsozjd5h9,0
4vl4g7gcl9c35xqp,0
llvy5kbwkzc2s3gy,0
2xuywu8r7swqffpj,1
ujlqmwnstsnsiu2h,1
ik7lijn77l677fc8,0
8o2hjzochyxzjv89,0
z07q1o61z8e1ttlx,0
htrqkhbkn0d6p3zv,0
ent2kmm88hi5nzaf,0
j1hnvf3rlp0452gi,0
cuhl95y4yqjikqso,0
rfm2acmukkh65xow,0
esg3wudj3w0bl111,0
1jqsy0d9wgyrx6w9,0
bytxqreak7tve5rr,1
in0ajnhjy9vfydbp,1
yzp44ewgoai6zkvs,1
tmvmwv38kqbzlufo,0
lxkpnc416yokc2ex,0
e6alpa0fqy3c4u7k,0
rt7r4ldjuxazi5be,0
6r546jdp9fzy8j22,1
sph7m69i6r21fex6,0
nqh4ok05rhjf9kjt,0
rl2x477jqwrgx5jt,1
qz0gfsdxedogk8mk,0
z2ayd72g7d170z0e,0
bevyk8zr47n5ngmh,1
xhppvvxi0ikhoq8x,1
u3fmlkvorv9do9f2,0
fd7jhybjudecz86a,0
w5mmo4w1i97t03xl,0
w1a3103vs8xljer5,0
6rx2ah0swijjgm0m,0
6h1wexonj0axbuop,0
rprxua988okepns0,0
s9xhcs97k003necc,0
qodkn4vgpvfrgcyt,0
v9ia4tv88qq5cre8,0
xofnibjj5ygqyxaw,0
m8df68wywc06tt1r,0
ofzamiburryf6u13,0
hmdcuig3t3hs8qjm,0
o8jsv0phw4evlf3h,0
kkexgqzn9mcqaicd,1
z4tktrzazbepwz3m,0
d5qs766hra9bzfi2,0
ebxudy1xwmqdv0i4,0
92gsbym1exqqrfit,0
f260q2808k8d1sf3,0
2l2bpn5416u2mo67,0
rcrd4o9uvlkycpvb,0
fpn29gxjheoy1qax,0
frp8k7v3clv1m0iq,0
8jj93vstovlw7gkb,0
0xw4hcxymgzcgzeu,0
22s4o05qhdjoxpoi,1
86oo85zczk5pclqo,1
6v3u1q2tihsxckjo,0
kcy2qu75c6y9k2ct,0
na7serpp0hemqey4,0
0v8c5mpyzhbssquy,0
gp565ff025ntftd2,0
czaz3exa8pxfknky,0
g3dphhtuvzhm7fpa,0
7zw6powart9nomva,0
ws2rgifctu0a0mbs,0
4iaquh49h93pyaph,0
3fl6rbu0ck2cvywj,0
apjefd5kkz5c32cl,0
fz1ev8ux60s4nqce,0
ilekf6wqvgctg67r,0
xsf20w3wuu6akbqp,0
7otybegemzpipjyi,0
roby43lumk2jrc3b,1
vcyb7pd0tlhnlu7q,0
n6zcj2h2z8qmdkmc,0
n3nq6gv0gwm3jyaq,1
vfr8v2zubvipm2js,0
tp0bftjngjrrjfeh,0
x1t4m99su3ztuj2g,0
oo6atc6cobi3bi8x,0
t6gbiohk26280w9o,0
4l0123o3yvdlyf2b,0
sahixyafu2ic1mrg,0
5pnse4prx11t5p7p,1
6biglge793r00feg,0
h6nzd2oodzfw60w5,0
e96pbb7cha36g909,0
4ky14g0s90mbkfad,0
z8rerunc74r87vj5,0
btzv82vx5nf5s9k0,0
xn9cdk5tdlbuoecs,1
wgrvi8p43zubxmpd,0
w6xjnik5838t1vb9,0
2kes09jjkc2qprpo,0
tbw72j22qnslj2ih,0
1wtqdhf6anre62a8,0
qlbxsbxjiyiar8y8,0
q1lon8iyojrqgber,0
n812roi5fum1u8bg,0
hom8zbbjhop5ta3o,0
ldul3a11k6embiq4,0
9kc2ol2svywzb3ut,0
ebilqh7vmg8e0xe5,0
pd0ho9ojsumbq9jh,0
dd9bb4kdnd8mbb94,0
1cbet8g2a88hq2ko,0
5jx14ozaz84vpdsu,1
g4eshmazidm5i0fh,0
5d04uq4s3mi0b4sf,0
dz7dzva39shgaxvf,0
pmlwuj8fy2dps25i,0
12vxoxk641hcwpba,0
swxpr08af24kssqm,0
72vdehbnvx6w7y42,0
jojuyzopyblmxijj,0
iww9fas72ha4k22f,0
gaq88bwpuf19ginl,0
2m0ttuozcgq9gdqp,0
lbzndziy19l7c6ul,0
cb1j7mgvt3lh6je8,0
b7wyqhgn00rr6qya,0
e0t06vnmdlx6tf3j,0
00nl5026m3ktnys6,0
9gzufywec5dnmek9,0
h4z7fivs0nz1daeg,0
ypnvsyt0xwow0yoc,0
y2mftf55dcwcvthl,1
vmhk5svdg9ao1qqb,0
l6ydyqkkmfwg1xyf,0
nmi3w3lwm0lzn6mx,0
o87syo4ydlo03xdk,0
3kgvjcs1loyoinuu,0
24z7tgsdsvltpjm4,0
8sd2o3xrh5lm23q9,0
bybtv2na3d04e6uq,0
1yfkzsk37qyxq7ut,0
ysbdfdnmsmcngj9a,0
e46fb7xutlynaanw,0
psriofhgwenrnjjd,0
4jo97ows3czita68,0
awblhfmr2phe2w7r,0
vyh7rhkizeq17pw8,0
x2h8k9zxw32bjgb3,0
1l913ag969qm6f64,0
ymbp4btj490ir8bt,0
rb7a9jxorvlap66a,0
7wkcyp0d89nf29zm,0
8fw3fvhbhfpjyr17,0
h97bi77iyfrkoxz7,0
ni8iofswhpkg5vbm,0
nb9bhl5evzg5bj2l,0
nogesepr64leoiqh,0
8g6uvsdzi5ridf5x,0
dc8mxrlidv7wbs89,0
et87uitkh4dk5gey,0
617fbkeanfwmoark,0
h7h0c6vp5m4bs0nt,0
mosianfmf0dgpygn,0
cvoclm31kuomyy5q,0
ujsousofk18vyrme,0
u92lwzpvhv6prqk5,0
htp9khhu6tbdsuec,0
4zm5jn1puc1jiujd,0
rtd4laetvk19h7vp,0
8ra4jr7ovcahjisc,0
pusdg8oms39z6byi,0
n2akbctx1kd48msh,1
d85vxzb107rjekyi,0
1u6dcqbb2omcuuk6,0
33crncigse7rs6ap,0
1rh3ixqiotbgnz9x,0
9a3yuxxecv8uwa8z,0
gkkhlek7qkgwak4l,0
4knglqaew5sjhf9q,1
oebvu8zfm6e670pj,0
0nl8siec90pbfuhy,0
y866hcs3eei9v97b,0
xv7oan1866qm1nnp,1
3a0zkrnb684ze7zn,0
siv9s4u27b68pgbx,0
ikkaxg64eyuaxiov,0
t2r2j7ypccidqx6b,0
0hcw0jgdf3wjuz60,0
zmrgyle490qdnmbw,0
oh8g5cfpn71upoft,0
4gd78op6gisyrdbu,0
mk2tjpbhbhad8azu,0
4bpw8didn8kpp5vx,0
2dpuw8qv0i3ubczq,1
9lem6ed88013d56k,0
32p87asfkcun6h6q,0
zcjvg4524sfvbtvv,0
zf9tpmchlvl9iffz,1
4gzew6fa5v0s5zsl,0
rwaqb7x1pwtbx0bb,0
edw842ot92bjtvg0,0
l3te9io8nuedyqiy,0
0qyauu1mxf2229mn,0
j2xvbdbeasvagqc7,0
0oxh8652ddlfnu5q,0
l4c328escv0xvtjs,0
8rc7j2idfxj1f2u6,0
euhlnmsn4vrcn901,0
7e8jxoupxppop1z7,0
jxq8vk9mdirdy6kb,0
j4lybdhkg5nogpge,0
co4uvfbm47lyu7sc,1
nogg2iw1pivmpbd8,0
zxksxuxob58s3f72,0
tihmla4hqqskq98l,0
nx0qg1mwrrczihav,0
xcqlt5zs3xosiyd8,0
d3mbaybbeqj40nw2,0
c2pg4ocadgu4mnrj,0
rtdpg2cd13u4s83y,0
9wo1v7wv3wo8xyuq,0
0lbq6fi66qrfjbxl,0
gofaj9xv1021n7ip,0
pfnrtekr4f1o10tg,0
lnfgnm5qvotkungn,0
gfr4r97o1la72sif,0
ztltek7tt3vrx99p,1
w53ciah5bwvmd86q,0
ili40zamvp87m20k,0
xbyw9fk1ud9hir5o,0
heeg7kckmqi8789c,0
xzw5p98p1xss6hmp,0
51w3jucsfm06m77v,0
j1e15si7xjsrtusv,0
zbtk10ogwf8tu90o,0
w6fb4e89ye9ewb8s,0
uwiq0w409vvcrc4u,0
227gxpsy5np6a314,0
ti5ts3wvljx2y03d,0
1tp4sqrhdmtpiozn,0
7eyax7whaqkth1zq,0
e4yv5eh7otkupzbd,0
ki6c9sloie3bckaq,0
7qcadvkdqboxuj0v,1
nq4t1uh4v4t9ospv,0
j0ejwy0k7uo6rv38,0
zetywetwt0977c1j,0
u0kdp21cvlojb3oh,0
do7l4md6b8ndb3oe,0
al5wl2a1u0a1m17x,0
efpjroxsk7p6vh97,0
l1akp7tubn46aurb,0
4iwakw1mebqtpxuw,0
2sz0af2e94laubty,0
a3lxrd4ban2zpaxt,0
ty5vxy1vcd3ulswd,0
m8ua512dq7c806uj,0
rge5sp3y19vyoowq,0
znt5704a5puz8cjn,0
kjbznbsw7nx17fg1,0
hv05vrwzj10cibua,1
o70fxja1cw99asur,0
rzy785t41a7757jz,0
hxmgd3wgmbrmtgag,0
8pfv9nvzwl7jlvrf,0
h6nnub3h6gh7ema2,0
19rl8o7vyxgou4up,0
zw7rsyac16mynn3k,0
y82lbm8duu1vuzop,0
juv7iy5fzlh7tfm4,1
u9ma5kp7c32g530v,0
twr3vor8824owafg,0
p6o6ecdwonn2kuyy,0
ag29t7r8n6fx9fue,0
0cyibbqyckf4q71p,0
vtnntgjzpnvpijjc,0
4ngmhs2adkxy68dv,0
cjg4p9raahlrk6ep,0
vem8mh8yu9vcxs6y,0
v6626v14u4e03v4u,0
o2wfwlq84ydh4kgo,0
nh4h784v1ohbsbfa,0
taegxh8jgpmo43t9,0
2pudmty9ip193x7w,0
jstmmgivs2xiqhfv,0
v66to6gih5hb715v,0
vsbn6amauisnwqxj,0
4ev89iabes44htzw,0
iwdlbn22t45cozeb,1
lr7a7lvh5etyupmx,0
l3n4b9dy2phcrzo1,0
27klkvju8tn1dqg5,0
vbahobygd6i72eus,1
e236gpguedux8683,0
sbvmdkgbtwd9u38d,0
obs67mc00qgcvpo1,0
gkyqdms7xbty61ou,0
pk9cc10aoc38mvd6,1
qr3vhrua2mgkb5fe,0
oqcl8yl0c2kjx1b1,0
zqitzzpk5ahcowjv,0
8jcqsyf6n5w0fzsw,0
mfeis7h0jrxjqgpq,0
1izfhlfsv9or4q3w,0
5lxju1wa6ih1cn4n,0
pd96x5lxiwc125vm,0
m9qu1or5q3hrj1jv,0
a0xqg00nzk81m8mp,0
e6z48e17gp8avc6r,0
5z6u1qjqeandwyiq,0
bf29alqucywmky81,0
4fvwix25ao020n4i,1
dl3mm44vuy8n0yrb,0
74rjbktt6cwsn0jg,1
gcxt2g3kmxq7ad5d,0
1krng53igvmknr0w,0
l0c8cxcmtep7mm9r,0
ydy7szlntappla1g,0
biuodz2tbtokxo4f,1
920z4dzghsc1t8am,0
fapmqnu1ssh259zm,0
z2suywdpaef32i0y,0
b67cxpjfzsjcx6mg,0
v4aytipjb5xyqom8,0
qk5tbz4m44jcj2is,0
lsdss3b8ah7fmf5f,0
wubnfpt1j2u0oekw,0
ig21tjqkk1984jht,0
56ju5ch0vrcq7h5h,0
0ztoiklsuppgjj43,0
7f7ske46jf6xy960,0
9pcdi8yk8s38pz37,0
q91dv4aic7ben16h,0
c9e9m36gln789me8,1
tzhjcfd4v5wrh7x4,1
wmffsee6rwe1vrpt,0
hl2dyqb9ezgk2q06,0
t8dcsofc1drm4197,0
dvyujgkq5l96u8pm,1
oe6d2lwkr4liskqu,0
dmu4mfry3yylpz5q,0
ukb9gjjgdaj4le0y,1
aow51yw2zbt75wmb,0
ogslbhomnysse9w2,0
4esjhqhpvoqy494o,0
4z8le7pvffyd06r6,0
h9k89mq4t2vajizl,0
vfggl95ixlwyqge7,0
cb01dmcsbam3z2cx,0
v7ikr89ljf6uxj6y,0
rztlke0x2gtgiflm,0
nagsb1ic39mwjs5h,0
nvjizpa5vbde0r1t,0
cfcn5t3no9juc447,0
5t08lgw9mphu0i44,0
dv4g5325619id0ve,0
91c5zy0o7sm5d79l,0
5s9bkd3kepv1itdn,1
2pjwmmmujpgjz2mw,0
w88tq8robgd7zgmz,0
x95rjkw25gvvl7ts,0
ysek2f7exjgdilzv,0
9nnw7k5eqrk60b0m,0
h1z60vzerus28oav,0
ord7zkhf7h1e1qtr,1
qrddgsu2epqvham7,0
18p9t6dhc4dovhkx,0
2ngey08tgks3rykj,0
9bbpxu2vg410ou0j,0
2wdcgmfomdqqr0z1,0
a0xygj36v20qqtj5,0
mcmu3kr8k00nb82v,0
6g4yxz6wbn51mu2c,0
vh3d573qgig1ch4b,0
zwk7fz9if3tnpneg,0
0eoa2rr402zwhbt9,0
et7wb68sx04zxew4,0
9uinrw8b0rl46t9x,0
h02dd724vp991chw,0
tmxxongy8l3y4o0l,0
17wqff07r46slwzo,1
wta1tvqz119m1q3k,0
rfjx6w5bogw6tl81,0
c2nihjhydvhomy42,0
kxatomh1cv5qx1xu,0
j99kxibwsboynui9,0
3tn07xdub7ckx22r,0
kdrob6ni5vax6t7i,0
jr4fhw0ywc2du9bk,0
nx8fb70s1tmh55uo,1
58fpxuqy4wgf0116,0
9ozlq5f47rdt4o1v,0
5r7k7i6lhtpsyet8,0
g1psyf9g6aczasag,0
ybqkm050mkilwbkt,0
n778nilz6selkul9,1
zbb0az7rd95sfx8k,0
frq6fexq6p0qbyp4,0
52ud01lxxpsxm56h,1
69r5fgt74vhhsq61,0
61a79a7sk1efirlu,0
p3zvv1mznhlbr2xq,0
ruhztt6r38qs4ag6,0
nlpztfbs4tpoey64,0
zb38u04727fkazpf,0
t06odullcfaxyqab,0
g6miofkxke2vcgk8,0
d6g0gurw5r68slkv,0
5gm1itrpi8f1gtfg,0
md6mtxf5vh71ng26,0
vbjz19okn545ir5a,0
zrdlc2lf5mxhwo9m,0
4uod4ba4btk8vh2f,0
war3u6xgcmlck8lw,0
z1m2im1l65sgpsbx,0
ytpjfdvyeplc3l26,0
dqsomt8svfaw9f0j,0
ikxjm2a4ot5xspvu,0
twidx8tru27c4opm,0
xe06hsd1cvlfzbuc,0
wit113i14q9c4vqy,0
nmqcihti5852ba4q,0
257tl3otqh6sxmrc,0
5xd8bn443tbkf7dm,0
iu59yeaec6binhwg,0
cjyxwkbwowuj73n8,0
b6ddmvojhjfzspz6,0
x4r1u9zanagmryap,0
hk1xhlj1rm33llsg,0
xx5svasuersn6so0,0
wrc899u3gg1wfhtf,0
f8ux55p6b33dp4ro,0
04j1ip3lk44nd0ul,0
9sjep2ghd6qvlh9b,0
5f6rvtcda3snjuna,0
wogi88slc5u361ze,0
imcjxjd938ko5ll1,0
yk797lx4jwltdqmg,0
tgbomc6c6z8etveb,0
mxsnqknvgt94kcge,0
1ord5bq185s07f3i,0
jayx4lil4w79ox4y,0
yy0rl6afadg80ftl,0
3enm82m53tm6j1r3,0
efb8zg4pyw8vg597,0
yishulgmjzofdxff,0
r7zti20n66jk1usv,0
8bt7fbx667hgwtc9,0
fe2uko1gdspxnsvm,1
dsbm46prcv8qttnr,0
fk2s3txxqr8m87u7,0
1oxjucdm7q419on0,0
pugih7d4ysjef8lb,0
xfwqu4c4soxm0mo6,1
6eqthc10rusnj0ax,0
povxiyd63g7weok9,0
29ch5slgo1grutux,0
8xhqbrtun0cwyiw0,0
bj8tx312xz5gs85g,0
2p9igfcldif6jxil,0
8mu2n2s04plzxk04,0
9w23goopnz2rhfdy,0
54figdppucemlmpx,0
t1oi4u1sgs626dh5,0
nmkhw7pfvle1ad5i,0
m3xqyws05ht5xwvq,0
kum7qx8483bonu5n,0
ctwctpe5gsuevps9,0
2g1syxuh8le3tx9w,0
ytk05azhhx264urn,0
6rv42skjsdvgpccx,0
exisqciczx40ewft,0
e0e6k265a7kcritd,1
4o9oixncx3nyak8p,0
jtmn4azdxho1ugtk,0
yxxxj9nd33vl6uv7,0
bh6h638wpockza99,0
ywleupccm9xvdek2,0
sz0hhva12v1r5ymh,1
uarxsa6r1ombhdvm,0
vaf0cx4pkvg3gt48,1
0cm6857gsl755jd0,0
hxwy4xa76llier4w,0
q7pzu4fr8bpaj7dw,0
6871jjiu9qhydzpm,0
81kyrhlaav3cynof,0
jim0uilbzvar2nph,0
sr1ney1a905muabk,0
pqclka9dokh096iw,0
xw33d9chsazwncgl,0
3z6455ucnfqaspq8,0
51vwkxzedm2bc3h2,0
9nor8g61yi4q3jto,0
giuq1ctgaj3zgfxq,0
6m0nferg904hdxut,0
jr7jmq6yltjivijq,0
ohb92fuhmags60fa,0
yhncutacyd33rc22,0
upp4wld1if1oirna,0
d9k777irnyrqvr13,0
95yt5jo9k8ulecry,0
6kp7rxkict1b1c2b,0
05pxm31301l9z7jh,0
t9kfcs69ogdf0t02,0
a30h51128b4khebr,1
gnna184nmb2y9072,0
mzmk0dw3pjboubi2,0
onuwtcl6674ebg9p,0
h0lwbjnvqs49145f,0
v67tajpqggmj1kc2,0
44880wye9ie8kc7o,0
rin7j1zd1yjlma7i,0
6439miae34ton4g1,0
i571hom6pxsfs4ko,0
ypxp8umccee7upwj,1
a2wmekqgby559e1h,0
gl181r7tnuduoz9h,0
99k19fkq5elvx1j5,0
pkeey1eh2hnn7sky,0
lnaeijdt04gib1i8,0
y386v1xaghl0atcp,1
88f8gdjdln72n3gj,0
c6qbvhzarpzg2x5c,0
6zdbh8w1pa6apcez,0
axd9upnv38u8kchf,0
upnd369rcibfcbhr,0
bit7wzmspilbru3w,0
qzmfiajrv5kjgdw0,0
3270pvi4vkgedxoq,0
r3bchn25zj20zrhu,0
er5zlf01yj96jzne,0
v0n9jvozldf7pyso,0
moit1d4lc26e5uyt,0
0prizgm5mghno6m0,0
ytp29nm5lgq1jze8,0
bmaz2h8fxexynaun,0
2lreg4i4jrlc1fu8,0
lrfp8z4seo0gndqb,0
88x30624bw9ul1nw,0
8tjktjcp0cvrwk8m,0
36fxqk0ez2gzmat4,0
g9q20l8jqr5cjr9a,0
gs8zlub3fhm665lr,0
vkpd1x5f556sv5dl,0
xnv330gyomti0tjz,0
uxz3qfe9gvt78jkq,0
yksswnbdgbosao19,0
x735tufjh0bpgype,0
wte30lqi8kx76zt8,0
nzescgvc4wn2otrl,0
5d3dv4r9rm4dxfuy,1
ti5nisd75j3xkrxu,0
ssbov9u5fgj1pp9r,0
9ygmzu501zx1q74m,0
u2wbkufjh8qy2cey,0
hssrwx6bvgnxhzmw,1
lmdb97nvn6s3saby,0
wzria71lee052yg0,0
g9bka7ms7lh6r4it,1
08t60dwp0eehtm18,0
f0wh7vycr6q9hpum,0
r8kqtp68qyucckyh,0
o70c860j1gefbk12,0
op4emskyhwf3u410,0
gf1rh3xtpor8kdyx,1
8t8y3bu6youudxbw,0
too94bde4v221r4s,0
8jp1wp9gv79qofjk,0
j5rr5okl92q3mhvy,0
kbn3x1g7eynlx3x8,0
3hg8dolj12yo2hhc,0
3qtxfneglkgpst2u,0
obc93aybssntt2dy,0
amsfbs9rg5y76n55,0
n845x14ygburzaaa,0
pcwj7so37f2zu4ir,0
6v5cniuektkfi4rg,1
7e5l7svmodb7627m,0
s758s0zzyhsivj3d,0
od7n4u4ypb4shtdk,0
v9rso6nyp0mknxt3,0
etfa2l42wyi0n3yt,0
9dgj5kfkm4uwduqe,0
il19e72539ow53az,0
2nq1faofwc1x1kpg,1
b9rkkifanoy80lwt,0
rya167h6u9kfuuir,1
ums634or59mc3mhj,0
nyud88b02niuha81,1
pkng4no0n3uasvgo,1
cauu8igqcz5xe38k,0
2rccpd2wqjdvhca4,0
eyo7go8uz39w0duj,0
z16tv3985fn579w1,0
r8mlvdar12u9hjgr,0
2xrnehsr7xkf2e7q,0
8hb2dy53ag1uq0i5,0
pzzkktrcbqh87rh3,0
gh9k78rzw0uojdq4,0
sffxlkck8i93p1do,0
cf7a9mbphpojzyfd,0
ml98s7ypprt2iuh7,0
si4rn87g1lxafd3s,0
d93pz0n5fmnoe8u5,0
gdwir5wnfr0ew92f,1
n2z6xtiqfm8aav4b,0
zlozxk8yo77gdsb6,0
gwn5s73ne6s53bo3,0
whn7nm9nargr9crg,0
crddvd0sslt3qhnu,0
3hmu1u18nbb3ipza,1
kf5c7msoilwx0g5s,0
qzgbmlgvfzmtc8y7,0
xzsr4i2vpp9s70c8,1
gvgjvfg17asdhcxm,0
7fcdhoy2oa2axalj,0
1kdwhuqghhtmoudi,0
q3wm6ssm1omvvlhy,0
gnczas79xcu6tafa,0
gnldm577xshj5l21,0
8zecxgudkw8ddox8,0
bp68cy3tpezd1a2b,0
4qpn7a61xjzs5a8h,1
f1bhe9pjxkbihofe,1
bcgvuycw541omt89,0
ahxqgrnm38xsrk59,0
b0jz88c3bjgt960s,0
8y0q0ta263axus73,0
h9zejmju60ufdz9h,0
pvjjas1auki3oj91,0
5aqdaptjg8rw5yyo,1
gzaeng1b54mrqyp4,0
d12asw1ss0s01cm3,0
9eb0up7herzrnkzu,0
qvhzvkc44t2bnaw1,0
9fbdw80wbvjqa0z6,0
b4gvzkf44x2ak8nx,1
5h3hpjyt5vl3ig8t,0
dx0ammcl58j86w4x,0
bx1ejeyks9f5jw8m,0
8d3yog3rc5pp39x3,0
9tk4asarav1uzki0,0
e1bu5y9hqdppop1a,0
gekmksriksru0v6j,1
xi0fg6hyrmzi6h1l,0
qz8nwnbmjx9r2zyw,0
g506ojirpcmp4gur,0
1ssc3shqz9av0c8g,0
8rkrhsnp8jajksc7,0
xkz0c5fwd2csyvrp,0
u4lkw7jnu2wp6oy9,0
g7lux30xjtye3536,0
9z4uivh9x0w3pejk,0
rmcnkf3thlwcabn9,0
qr85ky48aekxllna,0
4yrali0jpe48f9al,0
tk5xa1y6rpzxf1z5,1
i9l1kf10dzj7iqv1,1
59t0f2ep2lep5te8,0
upatdezad7un22qr,0
oxsrt6jux7o3infy,0
3f34f1i6e38fc8rp,0
momy6jeybo55q5ch,0
oyig081rbu1w10vv,0
q9krwlugfer11z95,0
x098di6eyyk0p526,0
55pqglqxcqf9aiz4,0
j5amxetiktef0ifq,0
dzxrlisqn81bze6f,0
fs2fkvqhypqfurhp,0
00arc2na5gzc745w,0
zeq2m8hvw41xgohk,0
l59o2kvodah0a7x6,0
fkq40xngjdjuut53,1
1gr82s6mod2bs7k1,0
thxa61om12l30hwk,0
b1xjuih1wlp1g8yf,0
bax3w98mbr30drec,0
wqoiatut5rdiqh3a,0
n7degats31p52lkc,0
nze7m7cof3vq9kkw,0
uldm8wfarvpto1cs,0
2isgmsevjkq0zp1b,0
hjccm9qv4vsrftbp,1
663vv22hlkoqys68,0
bjy0blkwr7lh02t2,0
qjaqmdxqo63rum6v,1
k3x4781d7xzoaotl,0
wg82k8yafx3zlp8s,0
mh9v9dvd0bgs0aeq,0
0z0nmcik446tldmm,0
qls8wro6ct3jf9eu,0
svjrxra51ovwfmp8,0
a2arq1w047ufcj2c,0
5u31mrgr9mf1zqbi,0
eluw5kywf74nayvw,0
y30rlo6zqi7ob1t7,0
4po2kn5yy65rf27x,0
1rdx3z8e2otlpjlf,0
n6rljvuemwqigaq7,0
7ooj16hn7dgxd2he,0
ia1ehhsvok1pw2m0,0
nkb7c4zt2ni19myz,1
749ocd53t1y322b4,0
2w2i0rp6dcosv6uo,0
jkprpehdzto34ayi,1
11543uio7f3xl8a8,0
grmuyy3oruuc9qcw,0
